-- table administartion

insert into Administration (admin_id, office_addr_city, office_addr_state, region_of_control) values (1, 'Kent', 'Washington', 'Alabama');
insert into Administration (admin_id, office_addr_city, office_addr_state, region_of_control) values (2, 'Pompano Beach', 'Florida', 'Nebraska');
insert into Administration (admin_id, office_addr_city, office_addr_state, region_of_control) values (3, 'Corpus Christi', 'Texas', 'Florida');
insert into Administration (admin_id, office_addr_city, office_addr_state, region_of_control) values (4, 'Jamaica', 'New York', 'California');
insert into Administration (admin_id, office_addr_city, office_addr_state, region_of_control) values (5, 'El Paso', 'Texas', 'Tennessee');
insert into Administration (admin_id, office_addr_city, office_addr_state, region_of_control) values (6, 'Brockton', 'Massachusetts', 'Texas');
insert into Administration (admin_id, office_addr_city, office_addr_state, region_of_control) values (7, 'Portland', 'Oregon', 'Minnesota');
insert into Administration (admin_id, office_addr_city, office_addr_state, region_of_control) values (8, 'Montgomery', 'Alabama', 'California');
insert into Administration (admin_id, office_addr_city, office_addr_state, region_of_control) values (9, 'Grand Rapids', 'Michigan', 'Indiana');
insert into Administration (admin_id, office_addr_city, office_addr_state, region_of_control) values (10, 'Dallas', 'Texas', 'Ohio');
insert into Administration (admin_id, office_addr_city, office_addr_state, region_of_control) values (11, 'Pittsburgh', 'Pennsylvania', 'Michigan');
insert into Administration (admin_id, office_addr_city, office_addr_state, region_of_control) values (12, 'Chicago', 'Illinois', 'Minnesota');
insert into Administration (admin_id, office_addr_city, office_addr_state, region_of_control) values (13, 'Atlanta', 'Georgia', 'Washington');
insert into Administration (admin_id, office_addr_city, office_addr_state, region_of_control) values (14, 'Rochester', 'New York', 'Virginia');
insert into Administration (admin_id, office_addr_city, office_addr_state, region_of_control) values (15, 'Charleston', 'West Virginia', 'South Carolina');
insert into Administration (admin_id, office_addr_city, office_addr_state, region_of_control) values (16, 'Springfield', 'Illinois', 'Maryland');
insert into Administration (admin_id, office_addr_city, office_addr_state, region_of_control) values (17, 'Pasadena', 'California', 'Washington');
insert into Administration (admin_id, office_addr_city, office_addr_state, region_of_control) values (18, 'Levittown', 'Pennsylvania', 'Tennessee');
insert into Administration (admin_id, office_addr_city, office_addr_state, region_of_control) values (19, 'Sarasota', 'Florida', 'Alabama');
insert into Administration (admin_id, office_addr_city, office_addr_state, region_of_control) values (20, 'Milwaukee', 'Wisconsin', 'Arizona');
insert into Administration (admin_id, office_addr_city, office_addr_state, region_of_control) values (21, 'Reno', 'Nevada', 'Georgia');
insert into Administration (admin_id, office_addr_city, office_addr_state, region_of_control) values (22, 'Austin', 'Texas', 'Georgia');
insert into Administration (admin_id, office_addr_city, office_addr_state, region_of_control) values (23, 'Fort Wayne', 'Indiana', 'Nevada');
insert into Administration (admin_id, office_addr_city, office_addr_state, region_of_control) values (24, 'New York City', 'New York', 'Alabama');
insert into Administration (admin_id, office_addr_city, office_addr_state, region_of_control) values (25, 'Palo Alto', 'California', 'North Carolina');
insert into Administration (admin_id, office_addr_city, office_addr_state, region_of_control) values (26, 'Hattiesburg', 'Mississippi', 'California');
insert into Administration (admin_id, office_addr_city, office_addr_state, region_of_control) values (27, 'Myrtle Beach', 'South Carolina', 'Nevada');
insert into Administration (admin_id, office_addr_city, office_addr_state, region_of_control) values (28, 'Wilkes Barre', 'Pennsylvania', 'Florida');
insert into Administration (admin_id, office_addr_city, office_addr_state, region_of_control) values (29, 'Houston', 'Texas', 'District of Columbia');
insert into Administration (admin_id, office_addr_city, office_addr_state, region_of_control) values (30, 'Seattle', 'Washington', 'California');
insert into Administration (admin_id, office_addr_city, office_addr_state, region_of_control) values (31, 'Salt Lake City', 'Utah', 'Texas');
insert into Administration (admin_id, office_addr_city, office_addr_state, region_of_control) values (32, 'Las Vegas', 'Nevada', 'Texas');
insert into Administration (admin_id, office_addr_city, office_addr_state, region_of_control) values (33, 'Houston', 'Texas', 'Florida');
insert into Administration (admin_id, office_addr_city, office_addr_state, region_of_control) values (34, 'Saint Louis', 'Missouri', 'Oklahoma');
insert into Administration (admin_id, office_addr_city, office_addr_state, region_of_control) values (35, 'Winston Salem', 'North Carolina', 'Texas');
insert into Administration (admin_id, office_addr_city, office_addr_state, region_of_control) values (36, 'Sarasota', 'Florida', 'Minnesota');
insert into Administration (admin_id, office_addr_city, office_addr_state, region_of_control) values (37, 'Spokane', 'Washington', 'South Carolina');
insert into Administration (admin_id, office_addr_city, office_addr_state, region_of_control) values (38, 'Meridian', 'Mississippi', 'South Carolina');
insert into Administration (admin_id, office_addr_city, office_addr_state, region_of_control) values (39, 'Las Vegas', 'Nevada', 'Texas');
insert into Administration (admin_id, office_addr_city, office_addr_state, region_of_control) values (40, 'Palatine', 'Illinois', 'Alabama');
insert into Administration (admin_id, office_addr_city, office_addr_state, region_of_control) values (41, 'Jacksonville', 'Florida', 'California');
insert into Administration (admin_id, office_addr_city, office_addr_state, region_of_control) values (42, 'Washington', 'District of Columbia', 'Maryland');
insert into Administration (admin_id, office_addr_city, office_addr_state, region_of_control) values (43, 'Long Beach', 'California', 'California');
insert into Administration (admin_id, office_addr_city, office_addr_state, region_of_control) values (44, 'Seattle', 'Washington', 'California');
insert into Administration (admin_id, office_addr_city, office_addr_state, region_of_control) values (45, 'Birmingham', 'Alabama', 'Louisiana');
insert into Administration (admin_id, office_addr_city, office_addr_state, region_of_control) values (46, 'Charleston', 'South Carolina', 'Missouri');
insert into Administration (admin_id, office_addr_city, office_addr_state, region_of_control) values (47, 'San Jose', 'California', 'Oklahoma');
insert into Administration (admin_id, office_addr_city, office_addr_state, region_of_control) values (48, 'Washington', 'District of Columbia', 'Texas');
insert into Administration (admin_id, office_addr_city, office_addr_state, region_of_control) values (49, 'Columbia', 'South Carolina', 'Texas');
insert into Administration (admin_id, office_addr_city, office_addr_state, region_of_control) values (50, 'Kansas City', 'Missouri', 'California');
insert into Administration (admin_id, office_addr_city, office_addr_state, region_of_control) values (51, 'Kansas City', 'Missouri', 'Oregon');
insert into Administration (admin_id, office_addr_city, office_addr_state, region_of_control) values (52, 'Portland', 'Oregon', 'Alabama');
insert into Administration (admin_id, office_addr_city, office_addr_state, region_of_control) values (53, 'New Haven', 'Connecticut', 'Pennsylvania');
insert into Administration (admin_id, office_addr_city, office_addr_state, region_of_control) values (54, 'Pensacola', 'Florida', 'Colorado');
insert into Administration (admin_id, office_addr_city, office_addr_state, region_of_control) values (55, 'Pittsburgh', 'Pennsylvania', 'Ohio');
insert into Administration (admin_id, office_addr_city, office_addr_state, region_of_control) values (56, 'Lynchburg', 'Virginia', 'District of Columbia');
insert into Administration (admin_id, office_addr_city, office_addr_state, region_of_control) values (57, 'Grand Rapids', 'Michigan', 'Washington');
insert into Administration (admin_id, office_addr_city, office_addr_state, region_of_control) values (58, 'San Jose', 'California', 'New York');
insert into Administration (admin_id, office_addr_city, office_addr_state, region_of_control) values (59, 'Sterling', 'Virginia', 'Nebraska');
insert into Administration (admin_id, office_addr_city, office_addr_state, region_of_control) values (60, 'Monticello', 'Minnesota', 'District of Columbia');
insert into Administration (admin_id, office_addr_city, office_addr_state, region_of_control) values (61, 'Des Moines', 'Iowa', 'Tennessee');
insert into Administration (admin_id, office_addr_city, office_addr_state, region_of_control) values (62, 'Bridgeport', 'Connecticut', 'Ohio');
insert into Administration (admin_id, office_addr_city, office_addr_state, region_of_control) values (63, 'Saint Cloud', 'Minnesota', 'Florida');
insert into Administration (admin_id, office_addr_city, office_addr_state, region_of_control) values (64, 'Stockton', 'California', 'California');
insert into Administration (admin_id, office_addr_city, office_addr_state, region_of_control) values (65, 'San Diego', 'California', 'District of Columbia');
insert into Administration (admin_id, office_addr_city, office_addr_state, region_of_control) values (66, 'Omaha', 'Nebraska', 'Alabama');
insert into Administration (admin_id, office_addr_city, office_addr_state, region_of_control) values (67, 'El Paso', 'Texas', 'New York');
insert into Administration (admin_id, office_addr_city, office_addr_state, region_of_control) values (68, 'Tucson', 'Arizona', 'Texas');
insert into Administration (admin_id, office_addr_city, office_addr_state, region_of_control) values (69, 'San Antonio', 'Texas', 'Texas');
insert into Administration (admin_id, office_addr_city, office_addr_state, region_of_control) values (70, 'Minneapolis', 'Minnesota', 'Texas');
insert into Administration (admin_id, office_addr_city, office_addr_state, region_of_control) values (71, 'Garden Grove', 'California', 'Minnesota');
insert into Administration (admin_id, office_addr_city, office_addr_state, region_of_control) values (72, 'Sacramento', 'California', 'Georgia');
insert into Administration (admin_id, office_addr_city, office_addr_state, region_of_control) values (73, 'Fort Worth', 'Texas', 'Ohio');
insert into Administration (admin_id, office_addr_city, office_addr_state, region_of_control) values (74, 'Hartford', 'Connecticut', 'Tennessee');
insert into Administration (admin_id, office_addr_city, office_addr_state, region_of_control) values (75, 'Hartford', 'Connecticut', 'Minnesota');
insert into Administration (admin_id, office_addr_city, office_addr_state, region_of_control) values (76, 'Indianapolis', 'Indiana', 'Pennsylvania');
insert into Administration (admin_id, office_addr_city, office_addr_state, region_of_control) values (77, 'Boca Raton', 'Florida', 'District of Columbia');
insert into Administration (admin_id, office_addr_city, office_addr_state, region_of_control) values (78, 'Newark', 'New Jersey', 'Florida');
insert into Administration (admin_id, office_addr_city, office_addr_state, region_of_control) values (79, 'New York City', 'New York', 'District of Columbia');
insert into Administration (admin_id, office_addr_city, office_addr_state, region_of_control) values (80, 'Phoenix', 'Arizona', 'Louisiana');
insert into Administration (admin_id, office_addr_city, office_addr_state, region_of_control) values (81, 'Raleigh', 'North Carolina', 'Washington');
insert into Administration (admin_id, office_addr_city, office_addr_state, region_of_control) values (82, 'San Jose', 'California', 'Maryland');
insert into Administration (admin_id, office_addr_city, office_addr_state, region_of_control) values (83, 'Lincoln', 'Nebraska', 'Connecticut');
insert into Administration (admin_id, office_addr_city, office_addr_state, region_of_control) values (84, 'Denver', 'Colorado', 'Washington');
insert into Administration (admin_id, office_addr_city, office_addr_state, region_of_control) values (85, 'Sioux City', 'Iowa', 'Florida');
insert into Administration (admin_id, office_addr_city, office_addr_state, region_of_control) values (86, 'Jefferson City', 'Missouri', 'California');
insert into Administration (admin_id, office_addr_city, office_addr_state, region_of_control) values (87, 'Fargo', 'North Dakota', 'West Virginia');
insert into Administration (admin_id, office_addr_city, office_addr_state, region_of_control) values (88, 'Redwood City', 'California', 'Arizona');
insert into Administration (admin_id, office_addr_city, office_addr_state, region_of_control) values (89, 'Charleston', 'West Virginia', 'Massachusetts');
insert into Administration (admin_id, office_addr_city, office_addr_state, region_of_control) values (90, 'Indianapolis', 'Indiana', 'California');
insert into Administration (admin_id, office_addr_city, office_addr_state, region_of_control) values (91, 'Seattle', 'Washington', 'Texas');
insert into Administration (admin_id, office_addr_city, office_addr_state, region_of_control) values (92, 'Charleston', 'South Carolina', 'Hawaii');
insert into Administration (admin_id, office_addr_city, office_addr_state, region_of_control) values (93, 'Miami', 'Florida', 'California');
insert into Administration (admin_id, office_addr_city, office_addr_state, region_of_control) values (94, 'Raleigh', 'North Carolina', 'Alaska');
insert into Administration (admin_id, office_addr_city, office_addr_state, region_of_control) values (95, 'Atlanta', 'Georgia', 'Iowa');
insert into Administration (admin_id, office_addr_city, office_addr_state, region_of_control) values (96, 'Lees Summit', 'Missouri', 'California');
insert into Administration (admin_id, office_addr_city, office_addr_state, region_of_control) values (97, 'Baton Rouge', 'Louisiana', 'California');
insert into Administration (admin_id, office_addr_city, office_addr_state, region_of_control) values (98, 'Anchorage', 'Alaska', 'Pennsylvania');
insert into Administration (admin_id, office_addr_city, office_addr_state, region_of_control) values (99, 'Saint Louis', 'Missouri', 'Florida');
insert into Administration (admin_id, office_addr_city, office_addr_state, region_of_control) values (100, 'Pittsburgh', 'Pennsylvania', 'Texas');


-- table membership

insert into Membership (membership_id, start_date, end_date) values (1, '2022-05-28', '2023-01-09');
insert into Membership (membership_id, start_date, end_date) values (2, '2022-05-21', '2022-11-16');
insert into Membership (membership_id, start_date, end_date) values (3, '2022-05-23', '2022-10-08');
insert into Membership (membership_id, start_date, end_date) values (4, '2022-02-22', '2023-01-07');
insert into Membership (membership_id, start_date, end_date) values (5, '2022-05-21', '2022-10-22');
insert into Membership (membership_id, start_date, end_date) values (6, '2022-02-28', '2022-10-14');
insert into Membership (membership_id, start_date, end_date) values (7, '2022-02-10', '2022-09-26');
insert into Membership (membership_id, start_date, end_date) values (8, '2022-07-21', '2022-09-17');
insert into Membership (membership_id, start_date, end_date) values (9, '2022-03-19', '2022-11-19');
insert into Membership (membership_id, start_date, end_date) values (10, '2022-04-20', '2023-02-07');
insert into Membership (membership_id, start_date, end_date) values (11, '2022-02-27', '2022-09-17');
insert into Membership (membership_id, start_date, end_date) values (12, '2022-06-02', '2023-01-10');
insert into Membership (membership_id, start_date, end_date) values (13, '2022-04-13', '2022-10-02');
insert into Membership (membership_id, start_date, end_date) values (14, '2022-02-11', '2022-10-18');
insert into Membership (membership_id, start_date, end_date) values (15, '2022-08-18', '2022-11-29');
insert into Membership (membership_id, start_date, end_date) values (16, '2022-03-14', '2022-12-18');
insert into Membership (membership_id, start_date, end_date) values (17, '2022-05-27', '2023-01-24');
insert into Membership (membership_id, start_date, end_date) values (18, '2022-07-08', '2022-10-17');
insert into Membership (membership_id, start_date, end_date) values (19, '2022-05-30', '2022-11-04');
insert into Membership (membership_id, start_date, end_date) values (20, '2022-06-11', '2022-12-23');
insert into Membership (membership_id, start_date, end_date) values (21, '2022-06-30', '2022-10-15');
insert into Membership (membership_id, start_date, end_date) values (22, '2022-05-21', '2022-12-28');
insert into Membership (membership_id, start_date, end_date) values (23, '2022-07-29', '2023-01-29');
insert into Membership (membership_id, start_date, end_date) values (24, '2022-02-26', '2022-10-16');
insert into Membership (membership_id, start_date, end_date) values (25, '2022-08-14', '2022-10-12');
insert into Membership (membership_id, start_date, end_date) values (26, '2022-02-26', '2022-10-31');
insert into Membership (membership_id, start_date, end_date) values (27, '2022-05-22', '2022-09-21');
insert into Membership (membership_id, start_date, end_date) values (28, '2022-09-11', '2022-12-25');
insert into Membership (membership_id, start_date, end_date) values (29, '2022-04-20', '2022-12-30');
insert into Membership (membership_id, start_date, end_date) values (30, '2022-03-28', '2023-01-06');
insert into Membership (membership_id, start_date, end_date) values (31, '2022-04-01', '2023-01-16');
insert into Membership (membership_id, start_date, end_date) values (32, '2022-08-28', '2022-12-07');
insert into Membership (membership_id, start_date, end_date) values (33, '2022-05-28', '2022-09-30');
insert into Membership (membership_id, start_date, end_date) values (34, '2022-02-26', '2022-11-28');
insert into Membership (membership_id, start_date, end_date) values (35, '2022-03-21', '2022-12-24');
insert into Membership (membership_id, start_date, end_date) values (36, '2022-07-01', '2022-10-21');
insert into Membership (membership_id, start_date, end_date) values (37, '2022-05-08', '2022-12-14');
insert into Membership (membership_id, start_date, end_date) values (38, '2022-06-12', '2022-11-03');
insert into Membership (membership_id, start_date, end_date) values (39, '2022-06-29', '2022-11-07');
insert into Membership (membership_id, start_date, end_date) values (40, '2022-06-02', '2022-10-19');
insert into Membership (membership_id, start_date, end_date) values (41, '2022-02-27', '2023-01-19');
insert into Membership (membership_id, start_date, end_date) values (42, '2022-07-06', '2022-09-21');
insert into Membership (membership_id, start_date, end_date) values (43, '2022-04-16', '2023-01-01');
insert into Membership (membership_id, start_date, end_date) values (44, '2022-04-14', '2023-01-06');
insert into Membership (membership_id, start_date, end_date) values (45, '2022-06-17', '2023-01-19');
insert into Membership (membership_id, start_date, end_date) values (46, '2022-03-11', '2022-11-03');
insert into Membership (membership_id, start_date, end_date) values (47, '2022-09-12', '2023-01-31');
insert into Membership (membership_id, start_date, end_date) values (48, '2022-06-17', '2023-01-01');
insert into Membership (membership_id, start_date, end_date) values (49, '2022-05-29', '2022-12-17');
insert into Membership (membership_id, start_date, end_date) values (50, '2022-07-11', '2023-01-12');
insert into Membership (membership_id, start_date, end_date) values (51, '2022-05-02', '2022-11-18');
insert into Membership (membership_id, start_date, end_date) values (52, '2022-08-09', '2023-01-23');
insert into Membership (membership_id, start_date, end_date) values (53, '2022-04-16', '2022-12-29');
insert into Membership (membership_id, start_date, end_date) values (54, '2022-06-09', '2022-10-20');
insert into Membership (membership_id, start_date, end_date) values (55, '2022-08-18', '2023-01-26');
insert into Membership (membership_id, start_date, end_date) values (56, '2022-02-12', '2022-12-27');
insert into Membership (membership_id, start_date, end_date) values (57, '2022-09-10', '2022-09-23');
insert into Membership (membership_id, start_date, end_date) values (58, '2022-07-23', '2022-12-06');
insert into Membership (membership_id, start_date, end_date) values (59, '2022-07-27', '2023-02-05');
insert into Membership (membership_id, start_date, end_date) values (60, '2022-08-23', '2022-11-17');
insert into Membership (membership_id, start_date, end_date) values (61, '2022-08-30', '2022-11-21');
insert into Membership (membership_id, start_date, end_date) values (62, '2022-04-25', '2023-01-08');
insert into Membership (membership_id, start_date, end_date) values (63, '2022-07-16', '2023-02-07');
insert into Membership (membership_id, start_date, end_date) values (64, '2022-03-01', '2022-11-16');
insert into Membership (membership_id, start_date, end_date) values (65, '2022-07-08', '2022-10-10');
insert into Membership (membership_id, start_date, end_date) values (66, '2022-07-05', '2022-11-17');
insert into Membership (membership_id, start_date, end_date) values (67, '2022-08-08', '2022-12-07');
insert into Membership (membership_id, start_date, end_date) values (68, '2022-02-11', '2023-01-16');
insert into Membership (membership_id, start_date, end_date) values (69, '2022-09-08', '2022-12-23');
insert into Membership (membership_id, start_date, end_date) values (70, '2022-07-04', '2022-12-27');
insert into Membership (membership_id, start_date, end_date) values (71, '2022-02-15', '2022-10-13');
insert into Membership (membership_id, start_date, end_date) values (72, '2022-06-30', '2022-12-21');
insert into Membership (membership_id, start_date, end_date) values (73, '2022-05-17', '2022-12-22');
insert into Membership (membership_id, start_date, end_date) values (74, '2022-06-17', '2022-10-15');
insert into Membership (membership_id, start_date, end_date) values (75, '2022-02-09', '2022-10-02');
insert into Membership (membership_id, start_date, end_date) values (76, '2022-07-07', '2022-10-26');
insert into Membership (membership_id, start_date, end_date) values (77, '2022-05-14', '2022-11-20');
insert into Membership (membership_id, start_date, end_date) values (78, '2022-04-21', '2022-12-29');
insert into Membership (membership_id, start_date, end_date) values (79, '2022-04-07', '2022-11-02');
insert into Membership (membership_id, start_date, end_date) values (80, '2022-07-02', '2022-12-29');
insert into Membership (membership_id, start_date, end_date) values (81, '2022-05-03', '2022-12-29');
insert into Membership (membership_id, start_date, end_date) values (82, '2022-08-05', '2023-01-21');
insert into Membership (membership_id, start_date, end_date) values (83, '2022-03-07', '2022-10-21');
insert into Membership (membership_id, start_date, end_date) values (84, '2022-05-11', '2022-12-18');
insert into Membership (membership_id, start_date, end_date) values (85, '2022-08-19', '2022-12-15');
insert into Membership (membership_id, start_date, end_date) values (86, '2022-03-12', '2022-11-18');
insert into Membership (membership_id, start_date, end_date) values (87, '2022-07-10', '2022-10-02');
insert into Membership (membership_id, start_date, end_date) values (88, '2022-06-29', '2022-11-23');
insert into Membership (membership_id, start_date, end_date) values (89, '2022-08-11', '2022-10-14');
insert into Membership (membership_id, start_date, end_date) values (90, '2022-03-06', '2022-10-29');
insert into Membership (membership_id, start_date, end_date) values (91, '2022-03-20', '2022-09-20');
insert into Membership (membership_id, start_date, end_date) values (92, '2022-09-09', '2022-10-09');
insert into Membership (membership_id, start_date, end_date) values (93, '2022-08-12', '2022-10-08');
insert into Membership (membership_id, start_date, end_date) values (94, '2022-04-16', '2022-11-06');
insert into Membership (membership_id, start_date, end_date) values (95, '2022-06-27', '2023-02-02');
insert into Membership (membership_id, start_date, end_date) values (96, '2022-08-26', '2022-11-13');
insert into Membership (membership_id, start_date, end_date) values (97, '2022-06-30', '2022-10-24');
insert into Membership (membership_id, start_date, end_date) values (98, '2022-03-22', '2022-10-22');
insert into Membership (membership_id, start_date, end_date) values (99, '2022-03-19', '2022-10-27');
insert into Membership (membership_id, start_date, end_date) values (100, '2022-04-05', '2022-10-27');


-- table vehicle

insert into Vehicle (vehicle_id, vehicle_type, brand_name, model_name, license_no, owned_or_rented) values (1, 'SUV', 'Mazda', 'Mazda3', 'WVWAA7AH', 'own');
insert into Vehicle (vehicle_id, vehicle_type, brand_name, model_name, license_no, owned_or_rented) values (2, 'two-wheeler', 'Infiniti', 'J', 'TRUWT28N', 'own');
insert into Vehicle (vehicle_id, vehicle_type, brand_name, model_name, license_no, owned_or_rented) values (3, 'two-wheeler', 'BMW', 'Z4 M', 'KMHHT6KJ', 'own');
insert into Vehicle (vehicle_id, vehicle_type, brand_name, model_name, license_no, owned_or_rented) values (4, 'SUV', 'GMC', 'Jimmy', '5N1AT2ML', 'own');
insert into Vehicle (vehicle_id, vehicle_type, brand_name, model_name, license_no, owned_or_rented) values (5, 'three-wheeler', 'Ford', 'Excursion', 'WBAKG7C5', 'own');
insert into Vehicle (vehicle_id, vehicle_type, brand_name, model_name, license_no, owned_or_rented) values (6, 'compact', 'Dodge', 'Spirit', 'WAUDF78E', 'own');
insert into Vehicle (vehicle_id, vehicle_type, brand_name, model_name, license_no, owned_or_rented) values (7, 'two-wheeler', 'Volkswagen', 'Golf', '1GYS3CEF', 'own');
insert into Vehicle (vehicle_id, vehicle_type, brand_name, model_name, license_no, owned_or_rented) values (8, 'two-wheeler', 'Spyker', 'C8', 'JN1CV6EK', 'own');
insert into Vehicle (vehicle_id, vehicle_type, brand_name, model_name, license_no, owned_or_rented) values (9, 'two-wheeler', 'Ford', 'Taurus', '1GD422CG', 'own');
insert into Vehicle (vehicle_id, vehicle_type, brand_name, model_name, license_no, owned_or_rented) values (10, 'luxury', 'Chevrolet', 'Camaro', 'JH4KC1F5', 'own');
insert into Vehicle (vehicle_id, vehicle_type, brand_name, model_name, license_no, owned_or_rented) values (11, 'two-wheeler', 'Hyundai', 'Accent', 'JTHBB1BA', 'own');
insert into Vehicle (vehicle_id, vehicle_type, brand_name, model_name, license_no, owned_or_rented) values (12, 'three-wheeler', 'Buick', 'Skylark', '3G5DB03L', 'own');
insert into Vehicle (vehicle_id, vehicle_type, brand_name, model_name, license_no, owned_or_rented) values (13, 'two-wheeler', 'Volkswagen', 'rio', '3G5DB03L', 'own');
insert into Vehicle (vehicle_id, vehicle_type, brand_name, model_name, license_no, owned_or_rented) values (14, 'compact', 'Toyota', 'Tundra', '2HNYD186', 'own');
insert into Vehicle (vehicle_id, vehicle_type, brand_name, model_name, license_no, owned_or_rented) values (15, 'two-wheeler', 'Dodge', 'Spirit', 'WAUCFAFH', 'own');
insert into Vehicle (vehicle_id, vehicle_type, brand_name, model_name, license_no, owned_or_rented) values (16, 'SUV', 'Chevrolet', 'Equinox', 'WBADW7C5', 'own');
insert into Vehicle (vehicle_id, vehicle_type, brand_name, model_name, license_no, owned_or_rented) values (17, 'two-wheeler', 'Hyundai', 'XG350', '5J8TB3H3', 'own');
insert into Vehicle (vehicle_id, vehicle_type, brand_name, model_name, license_no, owned_or_rented) values (18, 'compact', 'Mazda', '626', 'TRUDD38J', 'own');
insert into Vehicle (vehicle_id, vehicle_type, brand_name, model_name, license_no, owned_or_rented) values (19, 'compact', 'Honda', 'Odyssey', 'KNAFK4A6', 'own');
insert into Vehicle (vehicle_id, vehicle_type, brand_name, model_name, license_no, owned_or_rented) values (20, 'two-wheeler', 'Honda', 'Fit', '2G4GT5GX', 'own');
insert into Vehicle (vehicle_id, vehicle_type, brand_name, model_name, license_no, owned_or_rented) values (21, 'luxury', 'Porsche', 'Boxster', '1FTEW1CF', 'own');
insert into Vehicle (vehicle_id, vehicle_type, brand_name, model_name, license_no, owned_or_rented) values (22, 'luxury', 'Mercedes-Benz', 'M-Class', 'JTDKTUD3', 'own');
insert into Vehicle (vehicle_id, vehicle_type, brand_name, model_name, license_no, owned_or_rented) values (23, 'luxury', 'Oldsmobile', 'Aurora', '3C3CFFDR', 'own');
insert into Vehicle (vehicle_id, vehicle_type, brand_name, model_name, license_no, owned_or_rented) values (24, 'compact', 'Infiniti', 'QX56', 'JN1AZ4EH', 'own');
insert into Vehicle (vehicle_id, vehicle_type, brand_name, model_name, license_no, owned_or_rented) values (25, 'luxury', 'Nissan', 'Xterra', '2T1BU4EE', 'own');
insert into Vehicle (vehicle_id, vehicle_type, brand_name, model_name, license_no, owned_or_rented) values (26, 'luxury', 'Ford', 'Mustang', 'WBAPL3C5', 'own');
insert into Vehicle (vehicle_id, vehicle_type, brand_name, model_name, license_no, owned_or_rented) values (27, 'three-wheeler', 'Infiniti', 'QX', '5FRYD4H6', 'own');
insert into Vehicle (vehicle_id, vehicle_type, brand_name, model_name, license_no, owned_or_rented) values (28, 'SUV', 'Jaguar', 'XK', '5GADT13S', 'own');
insert into Vehicle (vehicle_id, vehicle_type, brand_name, model_name, license_no, owned_or_rented) values (29, 'luxury', 'Chevrolet', '2500', '1LNHL9DK', 'own');
insert into Vehicle (vehicle_id, vehicle_type, brand_name, model_name, license_no, owned_or_rented) values (30, 'SUV', 'Toyota', 'Tercel', '1GYS4PKJ', 'own');
insert into Vehicle (vehicle_id, vehicle_type, brand_name, model_name, license_no, owned_or_rented) values (31, 'two-wheeler', 'Nissan', 'Sentra', '1GKS1FFJ', 'own');
insert into Vehicle (vehicle_id, vehicle_type, brand_name, model_name, license_no, owned_or_rented) values (32, 'luxury', 'Volvo', 'V50', 'SAJWA4EC', 'own');
insert into Vehicle (vehicle_id, vehicle_type, brand_name, model_name, license_no, owned_or_rented) values (33, 'three-wheeler', 'Pontiac', 'Firefly', 'WBAYE8C5', 'own');
insert into Vehicle (vehicle_id, vehicle_type, brand_name, model_name, license_no, owned_or_rented) values (34, 'luxury', 'Audi', 'A8', '5UXZV4C5', 'own');
insert into Vehicle (vehicle_id, vehicle_type, brand_name, model_name, license_no, owned_or_rented) values (35, 'luxury', 'Ford', 'F350', '1G6KD57Y', 'own');
insert into Vehicle (vehicle_id, vehicle_type, brand_name, model_name, license_no, owned_or_rented) values (36, 'three-wheeler', 'Chevrolet', 'Express 2500', 'SCBZK22E', 'own');
insert into Vehicle (vehicle_id, vehicle_type, brand_name, model_name, license_no, owned_or_rented) values (37, 'compact', 'Toyota', 'Celica', '1G6AM5S3', 'own');
insert into Vehicle (vehicle_id, vehicle_type, brand_name, model_name, license_no, owned_or_rented) values (38, 'three-wheeler', 'Acura', 'RL', '5TDBK3EH', 'own');
insert into Vehicle (vehicle_id, vehicle_type, brand_name, model_name, license_no, owned_or_rented) values (39, 'two-wheeler', 'Honda', 'Civic', 'WDDEJ7GB', 'own');
insert into Vehicle (vehicle_id, vehicle_type, brand_name, model_name, license_no, owned_or_rented) values (40, 'luxury', 'Oldsmobile', 'Alero', 'JN8AZ1MU', 'own');
insert into Vehicle (vehicle_id, vehicle_type, brand_name, model_name, license_no, owned_or_rented) values (41, 'three-wheeler', 'Mercedes-Benz', 'S-Class', '3VW1K7AJ', 'own');
insert into Vehicle (vehicle_id, vehicle_type, brand_name, model_name, license_no, owned_or_rented) values (42, 'three-wheeler', 'Ford', 'Escort', '1G6KS54Y', 'own');
insert into Vehicle (vehicle_id, vehicle_type, brand_name, model_name, license_no, owned_or_rented) values (43, 'compact', 'Ford', 'Explorer', '1G4HR54K', 'own');
insert into Vehicle (vehicle_id, vehicle_type, brand_name, model_name, license_no, owned_or_rented) values (44, 'three-wheeler', 'Chevrolet', 'Aveo', 'WAUHE98P', 'own');
insert into Vehicle (vehicle_id, vehicle_type, brand_name, model_name, license_no, owned_or_rented) values (45, 'two-wheeler', 'Cadillac', 'Eldorado', 'WAUGFAFR', 'own');
insert into Vehicle (vehicle_id, vehicle_type, brand_name, model_name, license_no, owned_or_rented) values (46, 'two-wheeler', 'Lexus', 'LX', 'WBAVC935', 'own');
insert into Vehicle (vehicle_id, vehicle_type, brand_name, model_name, license_no, owned_or_rented) values (47, 'three-wheeler', 'Audi', '5000S', '1GYS4CEF', 'own');
insert into Vehicle (vehicle_id, vehicle_type, brand_name, model_name, license_no, owned_or_rented) values (48, 'compact', 'Land Rover', 'Range Rover', '2B3CJ5DT', 'own');
insert into Vehicle (vehicle_id, vehicle_type, brand_name, model_name, license_no, owned_or_rented) values (49, 'luxury', 'Chevrolet', 'Malibu', '3C63D3CL', 'own');
insert into Vehicle (vehicle_id, vehicle_type, brand_name, model_name, license_no, owned_or_rented) values (50, 'SUV', 'Porsche', '911', 'SALFR2BG', 'own');
insert into Vehicle (vehicle_id, vehicle_type, brand_name, model_name, license_no, owned_or_rented) values (51, 'compact', 'Jeep', 'Liberty', 'WA1EY74L', 'own');
insert into Vehicle (vehicle_id, vehicle_type, brand_name, model_name, license_no, owned_or_rented) values (52, 'two-wheeler', 'Ford', 'Taurus', 'WAUDFAFC', 'own');
insert into Vehicle (vehicle_id, vehicle_type, brand_name, model_name, license_no, owned_or_rented) values (53, 'SUV', 'Subaru', 'Legacy', '2HNYD2H4', 'own');
insert into Vehicle (vehicle_id, vehicle_type, brand_name, model_name, license_no, owned_or_rented) values (54, 'three-wheeler', 'Toyota', 'Tacoma', 'WAUCFAFC', 'own');
insert into Vehicle (vehicle_id, vehicle_type, brand_name, model_name, license_no, owned_or_rented) values (55, 'compact', 'Mercury', 'Grand Marquis', 'WBA3B3G5', 'own');
insert into Vehicle (vehicle_id, vehicle_type, brand_name, model_name, license_no, owned_or_rented) values (56, 'compact', 'Toyota', 'Prius', 'JH4DC435', 'own');
insert into Vehicle (vehicle_id, vehicle_type, brand_name, model_name, license_no, owned_or_rented) values (57, 'two-wheeler', 'Honda', 'Accord', '1D7RE5GK', 'own');
insert into Vehicle (vehicle_id, vehicle_type, brand_name, model_name, license_no, owned_or_rented) values (58, 'two-wheeler', 'GMC', 'Sierra 3500', '2T1KE4EE', 'own');
insert into Vehicle (vehicle_id, vehicle_type, brand_name, model_name, license_no, owned_or_rented) values (59, 'three-wheeler', 'Honda', 'Civic', '3D73M4EL', 'own');
insert into Vehicle (vehicle_id, vehicle_type, brand_name, model_name, license_no, owned_or_rented) values (60, 'three-wheeler', 'Acura', 'TL', 'WAUJT54B', 'own');
insert into Vehicle (vehicle_id, vehicle_type, brand_name, model_name, license_no, owned_or_rented) values (61, 'luxury', 'Land Rover', 'Range Rover', '1N6BF0KL', 'own');
insert into Vehicle (vehicle_id, vehicle_type, brand_name, model_name, license_no, owned_or_rented) values (62, 'compact', 'Ford', 'Mustang', 'WVWED7AJ', 'own');
insert into Vehicle (vehicle_id, vehicle_type, brand_name, model_name, license_no, owned_or_rented) values (63, 'compact', 'Mitsubishi', 'Precis', 'JH4NA126', 'own');
insert into Vehicle (vehicle_id, vehicle_type, brand_name, model_name, license_no, owned_or_rented) values (64, 'compact', 'Saab', '9-5', '2T3BF4DV', 'own');
insert into Vehicle (vehicle_id, vehicle_type, brand_name, model_name, license_no, owned_or_rented) values (65, 'luxury', 'Volkswagen', 'Passat', '1FTEX1CW', 'own');
insert into Vehicle (vehicle_id, vehicle_type, brand_name, model_name, license_no, owned_or_rented) values (66, 'luxury', 'Plymouth', 'Neon', '1GD22XEG', 'own');
insert into Vehicle (vehicle_id, vehicle_type, brand_name, model_name, license_no, owned_or_rented) values (67, 'two-wheeler', 'Mercedes-Benz', 'SL-Class', '1N6AA0EJ', 'own');
insert into Vehicle (vehicle_id, vehicle_type, brand_name, model_name, license_no, owned_or_rented) values (68, 'two-wheeler', 'Chevrolet', 'Beretta', '1GYS3HEF', 'own');
insert into Vehicle (vehicle_id, vehicle_type, brand_name, model_name, license_no, owned_or_rented) values (69, 'SUV', 'Volvo', 'S80', '4A4AP3AU', 'own');
insert into Vehicle (vehicle_id, vehicle_type, brand_name, model_name, license_no, owned_or_rented) values (70, 'two-wheeler', 'GMC', 'Sonoma', '1C3BC5ED', 'own');
insert into Vehicle (vehicle_id, vehicle_type, brand_name, model_name, license_no, owned_or_rented) values (71, 'compact', 'Oldsmobile', 'Ciera', '1G6KF579', 'own');
insert into Vehicle (vehicle_id, vehicle_type, brand_name, model_name, license_no, owned_or_rented) values (72, 'two-wheeler', 'Jeep', 'Grand Cherokee', 'WDDLJ7DB', 'own');
insert into Vehicle (vehicle_id, vehicle_type, brand_name, model_name, license_no, owned_or_rented) values (73, 'compact', 'Kia', 'Rio', '2B3CK9CV', 'own');
insert into Vehicle (vehicle_id, vehicle_type, brand_name, model_name, license_no, owned_or_rented) values (74, 'three-wheeler', 'Hummer', 'H1', 'WP1AA2A2', 'own');
insert into Vehicle (vehicle_id, vehicle_type, brand_name, model_name, license_no, owned_or_rented) values (75, 'SUV', 'Mazda', 'Mazda5', 'WAUCFAFR', 'own');
insert into Vehicle (vehicle_id, vehicle_type, brand_name, model_name, license_no, owned_or_rented) values (76, 'compact', 'Panoz', 'Esperante', 'WBAKG1C5', 'own');
insert into Vehicle (vehicle_id, vehicle_type, brand_name, model_name, license_no, owned_or_rented) values (77, 'two-wheeler', 'Mercedes-Benz', 'GL-Class', 'WA1VMBFE', 'own');
insert into Vehicle (vehicle_id, vehicle_type, brand_name, model_name, license_no, owned_or_rented) values (78, 'compact', 'Ford', 'Mustang', 'JM1NC2PF', 'own');
insert into Vehicle (vehicle_id, vehicle_type, brand_name, model_name, license_no, owned_or_rented) values (79, 'two-wheeler', 'Toyota', 'Highlander', 'WAUCD64B', 'own');
insert into Vehicle (vehicle_id, vehicle_type, brand_name, model_name, license_no, owned_or_rented) values (80, 'three-wheeler', 'Infiniti', 'Q', 'WAUMF98K', 'own');
insert into Vehicle (vehicle_id, vehicle_type, brand_name, model_name, license_no, owned_or_rented) values (81, 'three-wheeler', 'Suzuki', 'Vitara', 'WAUEH54B', 'own');
insert into Vehicle (vehicle_id, vehicle_type, brand_name, model_name, license_no, owned_or_rented) values (82, 'compact', 'Dodge', 'Ram 2500 Club', '1D7RE3GK', 'own');
insert into Vehicle (vehicle_id, vehicle_type, brand_name, model_name, license_no, owned_or_rented) values (83, 'luxury', 'Buick', 'Reatta', '1C3CDFAA', 'own');
insert into Vehicle (vehicle_id, vehicle_type, brand_name, model_name, license_no, owned_or_rented) values (84, 'luxury', 'Chevrolet', 'Malibu', 'JN8AE2KP', 'own');
insert into Vehicle (vehicle_id, vehicle_type, brand_name, model_name, license_no, owned_or_rented) values (85, 'three-wheeler', 'Volvo', 'XC90', 'WAUGL98E', 'own');
insert into Vehicle (vehicle_id, vehicle_type, brand_name, model_name, license_no, owned_or_rented) values (86, 'two-wheeler', 'Infiniti', 'M', '3D7TP2CT', 'own');
insert into Vehicle (vehicle_id, vehicle_type, brand_name, model_name, license_no, owned_or_rented) values (87, 'luxury', 'Ford', 'F150', '1VWAH7A3', 'own');
insert into Vehicle (vehicle_id, vehicle_type, brand_name, model_name, license_no, owned_or_rented) values (88, 'three-wheeler', 'Oldsmobile', 'Silhouette', '1G6DS1E3', 'own');
insert into Vehicle (vehicle_id, vehicle_type, brand_name, model_name, license_no, owned_or_rented) values (89, 'luxury', 'Volkswagen', 'Fox', 'WAUBF78E', 'own');
insert into Vehicle (vehicle_id, vehicle_type, brand_name, model_name, license_no, owned_or_rented) values (90, 'compact', 'Saab', '9-5', 'WA1DGAFE', 'own');
insert into Vehicle (vehicle_id, vehicle_type, brand_name, model_name, license_no, owned_or_rented) values (91, 'compact', 'Mitsubishi', 'Truck', 'WBASN4C5', 'own');
insert into Vehicle (vehicle_id, vehicle_type, brand_name, model_name, license_no, owned_or_rented) values (92, 'two-wheeler', 'Austin', 'Mini Cooper', '1G6DK1ED', 'own');
insert into Vehicle (vehicle_id, vehicle_type, brand_name, model_name, license_no, owned_or_rented) values (93, 'luxury', 'Ford', 'Ranger', 'WA1VMBFE', 'own');
insert into Vehicle (vehicle_id, vehicle_type, brand_name, model_name, license_no, owned_or_rented) values (94, 'compact', 'Saab', '9-5', '1C6RD6KP', 'own');
insert into Vehicle (vehicle_id, vehicle_type, brand_name, model_name, license_no, owned_or_rented) values (95, 'compact', 'Lexus', 'HS', '1FADP5AU', 'own');
insert into Vehicle (vehicle_id, vehicle_type, brand_name, model_name, license_no, owned_or_rented) values (96, 'two-wheeler', 'Mazda', 'MX-6', 'JN1AZ4EH', 'own');
insert into Vehicle (vehicle_id, vehicle_type, brand_name, model_name, license_no, owned_or_rented) values (97, 'three-wheeler', 'GMC', 'Vandura 1500', '3GYEK628', 'own');
insert into Vehicle (vehicle_id, vehicle_type, brand_name, model_name, license_no, owned_or_rented) values (98, 'three-wheeler', 'Mercedes-Benz', 'GLK-Class', '3GTU2YEJ', 'own');
insert into Vehicle (vehicle_id, vehicle_type, brand_name, model_name, license_no, owned_or_rented) values (99, 'compact', 'Ford', 'E250', '2T1BU4EE', 'own');
insert into Vehicle (vehicle_id, vehicle_type, brand_name, model_name, license_no, owned_or_rented) values (100, 'SUV', 'Mitsubishi', 'L300', '1GYS3EEJ', 'own');
insert into Vehicle (vehicle_id, vehicle_type, brand_name, model_name, license_no, owned_or_rented) values (101, 'luxury', 'Porsche', '944', '1FTSW2B5', 'rent');
insert into Vehicle (vehicle_id, vehicle_type, brand_name, model_name, license_no, owned_or_rented) values (102, 'three-wheeler', 'Morgan', 'Aero 8', '5GAER237', 'rent');
insert into Vehicle (vehicle_id, vehicle_type, brand_name, model_name, license_no, owned_or_rented) values (103, 'compact', 'Honda', 'Pilot', '3GYFNCEY', 'rent');
insert into Vehicle (vehicle_id, vehicle_type, brand_name, model_name, license_no, owned_or_rented) values (104, 'compact', 'Chevrolet', 'Avalanche 1500', 'WBA3C1C5', 'rent');
insert into Vehicle (vehicle_id, vehicle_type, brand_name, model_name, license_no, owned_or_rented) values (105, 'SUV', 'Porsche', '911', 'WAUVC58E', 'rent');
insert into Vehicle (vehicle_id, vehicle_type, brand_name, model_name, license_no, owned_or_rented) values (106, 'luxury', 'Infiniti', 'G', '1C4SDHCT', 'rent');
insert into Vehicle (vehicle_id, vehicle_type, brand_name, model_name, license_no, owned_or_rented) values (107, 'luxury', 'Mazda', 'Miata MX-5', 'SCBFT7ZA', 'rent');
insert into Vehicle (vehicle_id, vehicle_type, brand_name, model_name, license_no, owned_or_rented) values (108, 'three-wheeler', 'Audi', 'Q7', 'WAUFFAFL', 'rent');
insert into Vehicle (vehicle_id, vehicle_type, brand_name, model_name, license_no, owned_or_rented) values (109, 'compact', 'Mercedes-Benz', 'SLK-Class', '3C6TD5PT', 'rent');
insert into Vehicle (vehicle_id, vehicle_type, brand_name, model_name, license_no, owned_or_rented) values (110, 'compact', 'Geo', 'Storm', 'WAUMFAFL', 'rent');
insert into Vehicle (vehicle_id, vehicle_type, brand_name, model_name, license_no, owned_or_rented) values (111, 'luxury', 'Toyota', 'Tacoma Xtra', '1FTSW2B5', 'rent');
insert into Vehicle (vehicle_id, vehicle_type, brand_name, model_name, license_no, owned_or_rented) values (112, 'SUV', 'Dodge', 'Ram 2500', 'WBABD534', 'rent');
insert into Vehicle (vehicle_id, vehicle_type, brand_name, model_name, license_no, owned_or_rented) values (113, 'SUV', 'Lexus', 'GS', '1N6AA0EC', 'rent');
insert into Vehicle (vehicle_id, vehicle_type, brand_name, model_name, license_no, owned_or_rented) values (114, 'SUV', 'Chevrolet', 'Tahoe', '3N1AB6AP', 'rent');
insert into Vehicle (vehicle_id, vehicle_type, brand_name, model_name, license_no, owned_or_rented) values (115, 'SUV', 'Subaru', 'Outback', 'SAJWA0FB', 'rent');
insert into Vehicle (vehicle_id, vehicle_type, brand_name, model_name, license_no, owned_or_rented) values (116, 'compact', 'Volvo', 'S60', '1GYEE637', 'rent');
insert into Vehicle (vehicle_id, vehicle_type, brand_name, model_name, license_no, owned_or_rented) values (117, 'three-wheeler', 'Lotus', 'Elan', 'WBADT334', 'rent');
insert into Vehicle (vehicle_id, vehicle_type, brand_name, model_name, license_no, owned_or_rented) values (118, 'SUV', 'Lamborghini', 'Countach', 'WAURVAFD', 'rent');
insert into Vehicle (vehicle_id, vehicle_type, brand_name, model_name, license_no, owned_or_rented) values (119, 'SUV', 'Acura', 'NSX', 'WAUVC68E', 'rent');
insert into Vehicle (vehicle_id, vehicle_type, brand_name, model_name, license_no, owned_or_rented) values (120, 'compact', 'Toyota', 'Xtra', '5NPEB4AC', 'rent');
insert into Vehicle (vehicle_id, vehicle_type, brand_name, model_name, license_no, owned_or_rented) values (121, 'two-wheeler', 'Hyundai', 'Santa Fe', 'KNAFZ6A3', 'rent');
insert into Vehicle (vehicle_id, vehicle_type, brand_name, model_name, license_no, owned_or_rented) values (122, 'three-wheeler', 'Porsche', '914', '1GYFK438', 'rent');
insert into Vehicle (vehicle_id, vehicle_type, brand_name, model_name, license_no, owned_or_rented) values (123, 'compact', 'Lexus', 'GX', 'WAUAF98E', 'rent');
insert into Vehicle (vehicle_id, vehicle_type, brand_name, model_name, license_no, owned_or_rented) values (124, 'compact', 'Subaru', 'Forester', 'WP1AE2A2', 'rent');
insert into Vehicle (vehicle_id, vehicle_type, brand_name, model_name, license_no, owned_or_rented) values (125, 'two-wheeler', 'Ford', 'Explorer', 'KMHHT6KD', 'rent');
insert into Vehicle (vehicle_id, vehicle_type, brand_name, model_name, license_no, owned_or_rented) values (126, 'SUV', 'Buick', 'Century', 'WBAXH5C5', 'rent');
insert into Vehicle (vehicle_id, vehicle_type, brand_name, model_name, license_no, owned_or_rented) values (127, 'luxury', 'Kia', 'Rio', 'JM3KE2BE', 'rent');
insert into Vehicle (vehicle_id, vehicle_type, brand_name, model_name, license_no, owned_or_rented) values (128, 'two-wheeler', 'BMW', 'M', 'SCFFDCCD', 'rent');
insert into Vehicle (vehicle_id, vehicle_type, brand_name, model_name, license_no, owned_or_rented) values (129, 'SUV', 'Volvo', 'S80', 'TRUTC28N', 'rent');
insert into Vehicle (vehicle_id, vehicle_type, brand_name, model_name, license_no, owned_or_rented) values (130, 'SUV', 'Chevrolet', '2500', '1FMCU9C7', 'rent');
insert into Vehicle (vehicle_id, vehicle_type, brand_name, model_name, license_no, owned_or_rented) values (131, 'two-wheeler', 'Subaru', 'XT', 'WAUEFAFL', 'rent');
insert into Vehicle (vehicle_id, vehicle_type, brand_name, model_name, license_no, owned_or_rented) values (132, 'compact', 'Ford', 'Edge', 'WBAUU335', 'rent');
insert into Vehicle (vehicle_id, vehicle_type, brand_name, model_name, license_no, owned_or_rented) values (133, 'three-wheeler', 'Ford', 'Mustang', '5N1AL0MM', 'rent');
insert into Vehicle (vehicle_id, vehicle_type, brand_name, model_name, license_no, owned_or_rented) values (134, 'luxury', 'Buick', 'Coachbuilder', 'WP0AB2A8', 'rent');
insert into Vehicle (vehicle_id, vehicle_type, brand_name, model_name, license_no, owned_or_rented) values (135, 'compact', 'Lincoln', 'Navigator', '1N6AA0CC', 'rent');
insert into Vehicle (vehicle_id, vehicle_type, brand_name, model_name, license_no, owned_or_rented) values (136, 'SUV', 'Oldsmobile', '88', 'WVWBB7AJ', 'rent');
insert into Vehicle (vehicle_id, vehicle_type, brand_name, model_name, license_no, owned_or_rented) values (137, 'compact', 'GMC', '3500 Club Coupe', 'KNDJT2A1', 'rent');
insert into Vehicle (vehicle_id, vehicle_type, brand_name, model_name, license_no, owned_or_rented) values (138, 'compact', 'Honda', 'S2000', '2T1BU4EE', 'rent');
insert into Vehicle (vehicle_id, vehicle_type, brand_name, model_name, license_no, owned_or_rented) values (139, 'luxury', 'Toyota', 'Celica', 'JN1BJ0HP', 'rent');
insert into Vehicle (vehicle_id, vehicle_type, brand_name, model_name, license_no, owned_or_rented) values (140, 'three-wheeler', 'Mercedes-Benz', 'M-Class', 'WAUXL68E', 'rent');
insert into Vehicle (vehicle_id, vehicle_type, brand_name, model_name, license_no, owned_or_rented) values (141, 'SUV', 'Buick', 'Regal', '5TDBY5G1', 'rent');
insert into Vehicle (vehicle_id, vehicle_type, brand_name, model_name, license_no, owned_or_rented) values (142, 'SUV', 'Volvo', 'XC70', 'WBABN334', 'rent');
insert into Vehicle (vehicle_id, vehicle_type, brand_name, model_name, license_no, owned_or_rented) values (143, 'two-wheeler', 'Dodge', 'Caravan', '5NPDH4AE', 'rent');
insert into Vehicle (vehicle_id, vehicle_type, brand_name, model_name, license_no, owned_or_rented) values (144, 'luxury', 'GMC', 'Terrain', '5YMGY0C5', 'rent');
insert into Vehicle (vehicle_id, vehicle_type, brand_name, model_name, license_no, owned_or_rented) values (145, 'three-wheeler', 'Subaru', 'Brat', 'JTHBP5C2', 'rent');
insert into Vehicle (vehicle_id, vehicle_type, brand_name, model_name, license_no, owned_or_rented) values (146, 'SUV', 'Ford', 'Escort', 'JHMFA3F2', 'rent');
insert into Vehicle (vehicle_id, vehicle_type, brand_name, model_name, license_no, owned_or_rented) values (147, 'compact', 'Jeep', 'Cherokee', '2G61N5S3', 'rent');
insert into Vehicle (vehicle_id, vehicle_type, brand_name, model_name, license_no, owned_or_rented) values (148, 'luxury', 'Lexus', 'IS', '1B3CC1FB', 'rent');
insert into Vehicle (vehicle_id, vehicle_type, brand_name, model_name, license_no, owned_or_rented) values (149, 'two-wheeler', 'Ford', 'E350', '5UXZV4C5', 'rent');
insert into Vehicle (vehicle_id, vehicle_type, brand_name, model_name, license_no, owned_or_rented) values (150, 'three-wheeler', 'Chevrolet', 'Corvette', '1FMJK1G5', 'rent');
insert into Vehicle (vehicle_id, vehicle_type, brand_name, model_name, license_no, owned_or_rented) values (151, 'two-wheeler', 'Hyundai', 'Accent', 'WVGDF9BP', 'rent');
insert into Vehicle (vehicle_id, vehicle_type, brand_name, model_name, license_no, owned_or_rented) values (152, 'compact', 'Honda', 'Insight', 'WAULD64B', 'rent');
insert into Vehicle (vehicle_id, vehicle_type, brand_name, model_name, license_no, owned_or_rented) values (153, 'SUV', 'Pontiac', 'Firebird Trans Am', 'SCBDR33W', 'rent');
insert into Vehicle (vehicle_id, vehicle_type, brand_name, model_name, license_no, owned_or_rented) values (154, 'SUV', 'Ford', 'Explorer Sport Trac', 'JH4KB163', 'rent');
insert into Vehicle (vehicle_id, vehicle_type, brand_name, model_name, license_no, owned_or_rented) values (155, 'three-wheeler', 'Pontiac', 'Bonneville', '1G6DD67V', 'rent');
insert into Vehicle (vehicle_id, vehicle_type, brand_name, model_name, license_no, owned_or_rented) values (156, 'SUV', 'Ford', 'Focus', '1FM5K7B8', 'rent');
insert into Vehicle (vehicle_id, vehicle_type, brand_name, model_name, license_no, owned_or_rented) values (157, 'compact', 'Dodge', 'Dakota Club', 'SCFAB423', 'rent');
insert into Vehicle (vehicle_id, vehicle_type, brand_name, model_name, license_no, owned_or_rented) values (158, 'luxury', 'Toyota', 'Supra', '5GADX23L', 'rent');
insert into Vehicle (vehicle_id, vehicle_type, brand_name, model_name, license_no, owned_or_rented) values (159, 'SUV', 'Ford', 'Ranger', 'JH4KA966', 'rent');
insert into Vehicle (vehicle_id, vehicle_type, brand_name, model_name, license_no, owned_or_rented) values (160, 'compact', 'Volvo', 'C30', 'YV4902DZ', 'rent');
insert into Vehicle (vehicle_id, vehicle_type, brand_name, model_name, license_no, owned_or_rented) values (161, 'two-wheeler', 'Lotus', 'Esprit', '3MZBM1L7', 'rent');
insert into Vehicle (vehicle_id, vehicle_type, brand_name, model_name, license_no, owned_or_rented) values (162, 'luxury', 'Ford', 'E-Series', '2HNYD2H6', 'rent');
insert into Vehicle (vehicle_id, vehicle_type, brand_name, model_name, license_no, owned_or_rented) values (163, 'luxury', 'Plymouth', 'Breeze', '5N1AA0ND', 'rent');
insert into Vehicle (vehicle_id, vehicle_type, brand_name, model_name, license_no, owned_or_rented) values (164, 'SUV', 'Mazda', 'CX-7', 'JH4CU266', 'rent');
insert into Vehicle (vehicle_id, vehicle_type, brand_name, model_name, license_no, owned_or_rented) values (165, 'compact', 'Jeep', 'Compass', 'WAUEH78E', 'rent');
insert into Vehicle (vehicle_id, vehicle_type, brand_name, model_name, license_no, owned_or_rented) values (166, 'three-wheeler', 'Acura', 'RDX', 'JH4CU2F6', 'rent');
insert into Vehicle (vehicle_id, vehicle_type, brand_name, model_name, license_no, owned_or_rented) values (167, 'SUV', 'Mazda', '929', 'WAUEH48H', 'rent');
insert into Vehicle (vehicle_id, vehicle_type, brand_name, model_name, license_no, owned_or_rented) values (168, 'SUV', 'Chevrolet', 'Lumina', 'WAUCFAFR', 'rent');
insert into Vehicle (vehicle_id, vehicle_type, brand_name, model_name, license_no, owned_or_rented) values (169, 'luxury', 'Lexus', 'RX', '3GYFNEE3', 'rent');
insert into Vehicle (vehicle_id, vehicle_type, brand_name, model_name, license_no, owned_or_rented) values (170, 'compact', 'Ford', 'Thunderbird', '19UYA416', 'rent');
insert into Vehicle (vehicle_id, vehicle_type, brand_name, model_name, license_no, owned_or_rented) values (171, 'compact', 'Suzuki', 'Swift', 'WAUKH74F', 'rent');
insert into Vehicle (vehicle_id, vehicle_type, brand_name, model_name, license_no, owned_or_rented) values (172, 'SUV', 'GMC', 'Savana 3500', '1N6AA0CA', 'rent');
insert into Vehicle (vehicle_id, vehicle_type, brand_name, model_name, license_no, owned_or_rented) values (173, 'two-wheeler', 'Mazda', '626', 'JM1NC2PF', 'rent');
insert into Vehicle (vehicle_id, vehicle_type, brand_name, model_name, license_no, owned_or_rented) values (174, 'compact', 'Hyundai', 'HED-5', 'WAUJT54B', 'rent');
insert into Vehicle (vehicle_id, vehicle_type, brand_name, model_name, license_no, owned_or_rented) values (175, 'three-wheeler', 'Lotus', 'Elan', '1FTMF1E8', 'rent');
insert into Vehicle (vehicle_id, vehicle_type, brand_name, model_name, license_no, owned_or_rented) values (176, 'three-wheeler', 'Buick', 'Rainier', 'JTDKN3DU', 'rent');
insert into Vehicle (vehicle_id, vehicle_type, brand_name, model_name, license_no, owned_or_rented) values (177, 'compact', 'Lincoln', 'Mark VII', '1FTEW1C8', 'rent');
insert into Vehicle (vehicle_id, vehicle_type, brand_name, model_name, license_no, owned_or_rented) values (178, 'two-wheeler', 'Mercury', 'Mystique', '1N4AA5AP', 'rent');
insert into Vehicle (vehicle_id, vehicle_type, brand_name, model_name, license_no, owned_or_rented) values (179, 'luxury', 'Chevrolet', 'Express 1500', '1G6DD8E3', 'rent');
insert into Vehicle (vehicle_id, vehicle_type, brand_name, model_name, license_no, owned_or_rented) values (180, 'luxury', 'Audi', 'A3', '19UUA9E5', 'rent');
insert into Vehicle (vehicle_id, vehicle_type, brand_name, model_name, license_no, owned_or_rented) values (181, 'luxury', 'Mercedes-Benz', 'E-Class', 'TRUUT28N', 'rent');
insert into Vehicle (vehicle_id, vehicle_type, brand_name, model_name, license_no, owned_or_rented) values (182, 'luxury', 'Saab', '9-7X', '5FRYD3H6', 'rent');
insert into Vehicle (vehicle_id, vehicle_type, brand_name, model_name, license_no, owned_or_rented) values (183, 'three-wheeler', 'Saturn', 'S-Series', 'WBAHN035', 'rent');
insert into Vehicle (vehicle_id, vehicle_type, brand_name, model_name, license_no, owned_or_rented) values (184, 'luxury', 'Isuzu', 'i-Series', '1GTC5LF9', 'rent');
insert into Vehicle (vehicle_id, vehicle_type, brand_name, model_name, license_no, owned_or_rented) values (185, 'three-wheeler', 'Volkswagen', 'Jetta III', 'WAUSG78E', 'rent');
insert into Vehicle (vehicle_id, vehicle_type, brand_name, model_name, license_no, owned_or_rented) values (186, 'compact', 'Ferrari', '599 GTB Fiorano', '1FTSX2B5', 'rent');
insert into Vehicle (vehicle_id, vehicle_type, brand_name, model_name, license_no, owned_or_rented) values (187, 'two-wheeler', 'Dodge', 'Ram 2500', '1VWAH7A3', 'rent');
insert into Vehicle (vehicle_id, vehicle_type, brand_name, model_name, license_no, owned_or_rented) values (188, 'compact', 'Ford', 'Focus', '19UUA8F5', 'rent');
insert into Vehicle (vehicle_id, vehicle_type, brand_name, model_name, license_no, owned_or_rented) values (189, 'SUV', 'Mercury', 'Grand Marquis', '1N6AF0LX', 'rent');
insert into Vehicle (vehicle_id, vehicle_type, brand_name, model_name, license_no, owned_or_rented) values (190, 'two-wheeler', 'Aptera', 'Type-1h', 'WAUEL74F', 'rent');
insert into Vehicle (vehicle_id, vehicle_type, brand_name, model_name, license_no, owned_or_rented) values (191, 'SUV', 'Lexus', 'HS', '5N1BA0ND', 'rent');
insert into Vehicle (vehicle_id, vehicle_type, brand_name, model_name, license_no, owned_or_rented) values (192, 'luxury', 'Ford', 'Econoline E150', 'WA1YL54B', 'rent');
insert into Vehicle (vehicle_id, vehicle_type, brand_name, model_name, license_no, owned_or_rented) values (193, 'three-wheeler', 'Dodge', 'Journey', '3FA6P0PU', 'rent');
insert into Vehicle (vehicle_id, vehicle_type, brand_name, model_name, license_no, owned_or_rented) values (194, 'compact', 'Audi', 'S6', 'JTHBL1EF', 'rent');
insert into Vehicle (vehicle_id, vehicle_type, brand_name, model_name, license_no, owned_or_rented) values (195, 'compact', 'GMC', 'Sonoma', '1G4HC5EM', 'rent');
insert into Vehicle (vehicle_id, vehicle_type, brand_name, model_name, license_no, owned_or_rented) values (196, 'two-wheeler', 'Mercedes-Benz', 'SLK-Class', '3LNDL2L3', 'rent');
insert into Vehicle (vehicle_id, vehicle_type, brand_name, model_name, license_no, owned_or_rented) values (197, 'three-wheeler', 'Bentley', 'Continental', 'KNAFT4A2', 'rent');
insert into Vehicle (vehicle_id, vehicle_type, brand_name, model_name, license_no, owned_or_rented) values (198, 'two-wheeler', 'GMC', 'Sierra 1500', 'JTEBU4BF', 'rent');
insert into Vehicle (vehicle_id, vehicle_type, brand_name, model_name, license_no, owned_or_rented) values (199, 'SUV', 'Dodge', 'Charger', '4T1BF1FK', 'rent');
insert into Vehicle (vehicle_id, vehicle_type, brand_name, model_name, license_no, owned_or_rented) values (200, 'SUV', 'Mercedes-Benz', 'C-Class', '1G6DS8EV', 'rent');


-- table rents

insert into Rents (rent_id, start_date, end_date, rent_rate, rating_given, vehicle_id, admin_id) values (1, '2022-08-12', '2022-12-22', '54772.00', 3, 101, 30);
insert into Rents (rent_id, start_date, end_date, rent_rate, rating_given, vehicle_id, admin_id) values (2, '2022-06-03', '2022-11-23', '21690.00', 5, 102, 5);
insert into Rents (rent_id, start_date, end_date, rent_rate, rating_given, vehicle_id, admin_id) values (3, '2022-06-21', '2022-11-17', '44167.00', 2, 103, 4);
insert into Rents (rent_id, start_date, end_date, rent_rate, rating_given, vehicle_id, admin_id) values (4, '2022-08-09', '2022-12-27', '89451.00', 4, 104, 27);
insert into Rents (rent_id, start_date, end_date, rent_rate, rating_given, vehicle_id, admin_id) values (5, '2022-08-06', '2023-01-11', '74133.00', 4, 105, 19);
insert into Rents (rent_id, start_date, end_date, rent_rate, rating_given, vehicle_id, admin_id) values (6, '2022-02-28', '2022-10-22', '88281.00', 3, 106, 25);
insert into Rents (rent_id, start_date, end_date, rent_rate, rating_given, vehicle_id, admin_id) values (7, '2022-03-12', '2022-11-09', '80464.00', 5, 107, 26);
insert into Rents (rent_id, start_date, end_date, rent_rate, rating_given, vehicle_id, admin_id) values (8, '2022-04-19', '2023-01-05', '84964.00', 2, 108, 39);
insert into Rents (rent_id, start_date, end_date, rent_rate, rating_given, vehicle_id, admin_id) values (9, '2022-07-31', '2022-10-10', '31003.00', 4, 109, 14);
insert into Rents (rent_id, start_date, end_date, rent_rate, rating_given, vehicle_id, admin_id) values (10, '2022-05-03', '2022-12-23', '57799.00', 5, 110, 9);
insert into Rents (rent_id, start_date, end_date, rent_rate, rating_given, vehicle_id, admin_id) values (11, '2022-08-10', '2022-12-13', '59376.00', 2, 111, 12);
insert into Rents (rent_id, start_date, end_date, rent_rate, rating_given, vehicle_id, admin_id) values (12, '2022-08-03', '2022-12-10', '73714.00', 1, 112, 28);
insert into Rents (rent_id, start_date, end_date, rent_rate, rating_given, vehicle_id, admin_id) values (13, '2022-06-29', '2023-01-09', '89954.00', 2, 113, 11);
insert into Rents (rent_id, start_date, end_date, rent_rate, rating_given, vehicle_id, admin_id) values (14, '2022-05-29', '2023-01-25', '56792.00', 5, 114, 30);
insert into Rents (rent_id, start_date, end_date, rent_rate, rating_given, vehicle_id, admin_id) values (15, '2022-05-04', '2022-11-29', '38670.00', 5, 115, 5);
insert into Rents (rent_id, start_date, end_date, rent_rate, rating_given, vehicle_id, admin_id) values (16, '2022-04-19', '2022-12-10', '77615.00', 2, 116, 2);
insert into Rents (rent_id, start_date, end_date, rent_rate, rating_given, vehicle_id, admin_id) values (17, '2022-04-20', '2022-12-22', '37012.00', 2, 117, 10);
insert into Rents (rent_id, start_date, end_date, rent_rate, rating_given, vehicle_id, admin_id) values (18, '2022-04-30', '2022-09-23', '14069.00', 5, 118, 40);
insert into Rents (rent_id, start_date, end_date, rent_rate, rating_given, vehicle_id, admin_id) values (19, '2022-03-09', '2022-11-02', '48733.00', 4, 119, 16);
insert into Rents (rent_id, start_date, end_date, rent_rate, rating_given, vehicle_id, admin_id) values (20, '2022-05-18', '2022-11-02', '87242.00', 2, 120, 9);
insert into Rents (rent_id, start_date, end_date, rent_rate, rating_given, vehicle_id, admin_id) values (21, '2022-05-21', '2022-11-17', '48660.00', 1, 121, 25);
insert into Rents (rent_id, start_date, end_date, rent_rate, rating_given, vehicle_id, admin_id) values (22, '2022-06-19', '2022-12-09', '89953.00', 3, 122, 23);
insert into Rents (rent_id, start_date, end_date, rent_rate, rating_given, vehicle_id, admin_id) values (23, '2022-04-27', '2022-11-18', '70741.00', 4, 123, 31);
insert into Rents (rent_id, start_date, end_date, rent_rate, rating_given, vehicle_id, admin_id) values (24, '2022-06-21', '2023-01-14', '63787.00', 3, 124, 39);
insert into Rents (rent_id, start_date, end_date, rent_rate, rating_given, vehicle_id, admin_id) values (25, '2022-06-15', '2022-12-01', '23515.00', 4, 125, 32);
insert into Rents (rent_id, start_date, end_date, rent_rate, rating_given, vehicle_id, admin_id) values (26, '2022-03-03', '2022-11-16', '35785.00', 5, 126, 20);
insert into Rents (rent_id, start_date, end_date, rent_rate, rating_given, vehicle_id, admin_id) values (27, '2022-07-04', '2022-11-08', '41946.00', 4, 127, 1);
insert into Rents (rent_id, start_date, end_date, rent_rate, rating_given, vehicle_id, admin_id) values (28, '2022-07-23', '2022-10-31', '84244.00', 1, 128, 29);
insert into Rents (rent_id, start_date, end_date, rent_rate, rating_given, vehicle_id, admin_id) values (29, '2022-05-02', '2023-02-07', '48813.00', 5, 129, 1);
insert into Rents (rent_id, start_date, end_date, rent_rate, rating_given, vehicle_id, admin_id) values (30, '2022-06-03', '2022-12-28', '35732.00', 4, 130, 18);
insert into Rents (rent_id, start_date, end_date, rent_rate, rating_given, vehicle_id, admin_id) values (31, '2022-05-12', '2023-01-18', '97615.00', 2, 131, 24);
insert into Rents (rent_id, start_date, end_date, rent_rate, rating_given, vehicle_id, admin_id) values (32, '2022-05-17', '2022-10-21', '74156.00', 2, 132, 32);
insert into Rents (rent_id, start_date, end_date, rent_rate, rating_given, vehicle_id, admin_id) values (33, '2022-07-20', '2022-10-31', '21043.00', 1, 133, 7);
insert into Rents (rent_id, start_date, end_date, rent_rate, rating_given, vehicle_id, admin_id) values (34, '2022-02-19', '2022-10-31', '63408.00', 3, 134, 20);
insert into Rents (rent_id, start_date, end_date, rent_rate, rating_given, vehicle_id, admin_id) values (35, '2022-05-28', '2022-11-02', '70799.00', 4, 135, 8);
insert into Rents (rent_id, start_date, end_date, rent_rate, rating_given, vehicle_id, admin_id) values (36, '2022-02-12', '2022-12-03', '12470.00', 3, 136, 6);
insert into Rents (rent_id, start_date, end_date, rent_rate, rating_given, vehicle_id, admin_id) values (37, '2022-06-17', '2022-11-01', '61548.00', 1, 137, 24);
insert into Rents (rent_id, start_date, end_date, rent_rate, rating_given, vehicle_id, admin_id) values (38, '2022-07-01', '2022-10-12', '81676.00', 1, 138, 10);
insert into Rents (rent_id, start_date, end_date, rent_rate, rating_given, vehicle_id, admin_id) values (39, '2022-05-03', '2022-11-16', '55655.00', 4, 139, 9);
insert into Rents (rent_id, start_date, end_date, rent_rate, rating_given, vehicle_id, admin_id) values (40, '2022-02-25', '2022-10-02', '68992.00', 5, 140, 12);
insert into Rents (rent_id, start_date, end_date, rent_rate, rating_given, vehicle_id, admin_id) values (41, '2022-03-06', '2022-12-25', '96085.00', 2, 141, 14);
insert into Rents (rent_id, start_date, end_date, rent_rate, rating_given, vehicle_id, admin_id) values (42, '2022-08-01', '2023-02-08', '10379.00', 1, 142, 35);
insert into Rents (rent_id, start_date, end_date, rent_rate, rating_given, vehicle_id, admin_id) values (43, '2022-06-17', '2022-12-21', '45629.00', 5, 143, 19);
insert into Rents (rent_id, start_date, end_date, rent_rate, rating_given, vehicle_id, admin_id) values (44, '2022-05-08', '2022-11-27', '51185.00', 5, 144, 29);
insert into Rents (rent_id, start_date, end_date, rent_rate, rating_given, vehicle_id, admin_id) values (45, '2022-05-17', '2022-11-20', '21605.00', 1, 145, 29);
insert into Rents (rent_id, start_date, end_date, rent_rate, rating_given, vehicle_id, admin_id) values (46, '2022-08-01', '2022-09-25', '38516.00', 5, 146, 39);
insert into Rents (rent_id, start_date, end_date, rent_rate, rating_given, vehicle_id, admin_id) values (47, '2022-03-15', '2023-01-24', '73709.00', 5, 147, 10);
insert into Rents (rent_id, start_date, end_date, rent_rate, rating_given, vehicle_id, admin_id) values (48, '2022-05-27', '2022-09-25', '45705.00', 2, 148, 11);
insert into Rents (rent_id, start_date, end_date, rent_rate, rating_given, vehicle_id, admin_id) values (49, '2022-03-16', '2022-11-23', '62258.00', 5, 149, 34);
insert into Rents (rent_id, start_date, end_date, rent_rate, rating_given, vehicle_id, admin_id) values (50, '2022-05-12', '2022-11-24', '79692.00', 1, 150, 10);
insert into Rents (rent_id, start_date, end_date, rent_rate, rating_given, vehicle_id, admin_id) values (51, '2022-07-24', '2022-09-30', '76579.00', 4, 151, 26);
insert into Rents (rent_id, start_date, end_date, rent_rate, rating_given, vehicle_id, admin_id) values (52, '2022-06-16', '2022-12-29', '37476.00', 1, 152, 29);
insert into Rents (rent_id, start_date, end_date, rent_rate, rating_given, vehicle_id, admin_id) values (53, '2022-05-21', '2023-01-05', '66382.00', 4, 153, 28);
insert into Rents (rent_id, start_date, end_date, rent_rate, rating_given, vehicle_id, admin_id) values (54, '2022-03-16', '2022-10-19', '45786.00', 4, 154, 3);
insert into Rents (rent_id, start_date, end_date, rent_rate, rating_given, vehicle_id, admin_id) values (55, '2022-02-15', '2022-09-28', '21600.00', 4, 155, 16);
insert into Rents (rent_id, start_date, end_date, rent_rate, rating_given, vehicle_id, admin_id) values (56, '2022-02-12', '2022-12-07', '66710.00', 3, 156, 39);
insert into Rents (rent_id, start_date, end_date, rent_rate, rating_given, vehicle_id, admin_id) values (57, '2022-02-15', '2022-12-01', '82742.00', 1, 157, 8);
insert into Rents (rent_id, start_date, end_date, rent_rate, rating_given, vehicle_id, admin_id) values (58, '2022-07-03', '2023-02-01', '59784.00', 5, 158, 19);
insert into Rents (rent_id, start_date, end_date, rent_rate, rating_given, vehicle_id, admin_id) values (59, '2022-04-29', '2022-11-23', '61080.00', 2, 159, 7);
insert into Rents (rent_id, start_date, end_date, rent_rate, rating_given, vehicle_id, admin_id) values (60, '2022-04-20', '2022-11-09', '79009.00', 3, 160, 25);
insert into Rents (rent_id, start_date, end_date, rent_rate, rating_given, vehicle_id, admin_id) values (61, '2022-07-19', '2023-01-18', '38761.00', 4, 161, 20);
insert into Rents (rent_id, start_date, end_date, rent_rate, rating_given, vehicle_id, admin_id) values (62, '2022-07-12', '2022-10-23', '95728.00', 2, 162, 26);
insert into Rents (rent_id, start_date, end_date, rent_rate, rating_given, vehicle_id, admin_id) values (63, '2022-06-30', '2022-12-06', '65749.00', 2, 163, 35);
insert into Rents (rent_id, start_date, end_date, rent_rate, rating_given, vehicle_id, admin_id) values (64, '2022-05-11', '2022-11-05', '24116.00', 2, 164, 36);
insert into Rents (rent_id, start_date, end_date, rent_rate, rating_given, vehicle_id, admin_id) values (65, '2022-03-19', '2022-10-15', '54175.00', 2, 165, 35);
insert into Rents (rent_id, start_date, end_date, rent_rate, rating_given, vehicle_id, admin_id) values (66, '2022-05-29', '2023-01-13', '30874.00', 1, 166, 7);
insert into Rents (rent_id, start_date, end_date, rent_rate, rating_given, vehicle_id, admin_id) values (67, '2022-03-12', '2022-12-01', '96714.00', 2, 167, 37);
insert into Rents (rent_id, start_date, end_date, rent_rate, rating_given, vehicle_id, admin_id) values (68, '2022-05-11', '2022-09-28', '43088.00', 5, 168, 11);
insert into Rents (rent_id, start_date, end_date, rent_rate, rating_given, vehicle_id, admin_id) values (69, '2022-04-27', '2022-09-26', '97024.00', 1, 169, 33);
insert into Rents (rent_id, start_date, end_date, rent_rate, rating_given, vehicle_id, admin_id) values (70, '2022-02-17', '2023-02-07', '24808.00', 2, 170, 7);
insert into Rents (rent_id, start_date, end_date, rent_rate, rating_given, vehicle_id, admin_id) values (71, '2022-07-28', '2023-01-14', '14416.00', 2, 171, 18);
insert into Rents (rent_id, start_date, end_date, rent_rate, rating_given, vehicle_id, admin_id) values (72, '2022-03-02', '2023-02-05', '41009.00', 4, 172, 21);
insert into Rents (rent_id, start_date, end_date, rent_rate, rating_given, vehicle_id, admin_id) values (73, '2022-05-25', '2022-10-07', '74118.00', 5, 173, 18);
insert into Rents (rent_id, start_date, end_date, rent_rate, rating_given, vehicle_id, admin_id) values (74, '2022-03-22', '2022-11-07', '51416.00', 3, 174, 16);
insert into Rents (rent_id, start_date, end_date, rent_rate, rating_given, vehicle_id, admin_id) values (75, '2022-02-11', '2023-02-05', '59007.00', 5, 175, 20);
insert into Rents (rent_id, start_date, end_date, rent_rate, rating_given, vehicle_id, admin_id) values (76, '2022-06-21', '2022-11-05', '67377.00', 2, 176, 39);
insert into Rents (rent_id, start_date, end_date, rent_rate, rating_given, vehicle_id, admin_id) values (77, '2022-08-11', '2022-11-07', '95597.00', 1, 177, 14);
insert into Rents (rent_id, start_date, end_date, rent_rate, rating_given, vehicle_id, admin_id) values (78, '2022-07-24', '2022-12-03', '25286.00', 5, 178, 31);
insert into Rents (rent_id, start_date, end_date, rent_rate, rating_given, vehicle_id, admin_id) values (79, '2022-03-18', '2022-11-01', '47157.00', 4, 179, 5);
insert into Rents (rent_id, start_date, end_date, rent_rate, rating_given, vehicle_id, admin_id) values (80, '2022-04-03', '2023-01-14', '51624.00', 4, 180, 20);
insert into Rents (rent_id, start_date, end_date, rent_rate, rating_given, vehicle_id, admin_id) values (81, '2022-03-01', '2022-11-07', '69884.00', 2, 181, 25);
insert into Rents (rent_id, start_date, end_date, rent_rate, rating_given, vehicle_id, admin_id) values (82, '2022-04-02', '2022-11-23', '42422.00', 1, 182, 17);
insert into Rents (rent_id, start_date, end_date, rent_rate, rating_given, vehicle_id, admin_id) values (83, '2022-02-24', '2022-11-14', '32551.00', 3, 183, 7);
insert into Rents (rent_id, start_date, end_date, rent_rate, rating_given, vehicle_id, admin_id) values (84, '2022-06-09', '2023-01-29', '14252.00', 1, 184, 26);
insert into Rents (rent_id, start_date, end_date, rent_rate, rating_given, vehicle_id, admin_id) values (85, '2022-07-03', '2023-01-30', '37186.00', 4, 185, 28);
insert into Rents (rent_id, start_date, end_date, rent_rate, rating_given, vehicle_id, admin_id) values (86, '2022-05-07', '2022-10-13', '51292.00', 5, 186, 13);
insert into Rents (rent_id, start_date, end_date, rent_rate, rating_given, vehicle_id, admin_id) values (87, '2022-05-07', '2023-02-04', '52441.00', 4, 187, 31);
insert into Rents (rent_id, start_date, end_date, rent_rate, rating_given, vehicle_id, admin_id) values (88, '2022-06-10', '2023-01-18', '31540.00', 2, 188, 20);
insert into Rents (rent_id, start_date, end_date, rent_rate, rating_given, vehicle_id, admin_id) values (89, '2022-05-10', '2022-10-03', '51025.00', 5, 189, 33);
insert into Rents (rent_id, start_date, end_date, rent_rate, rating_given, vehicle_id, admin_id) values (90, '2022-08-11', '2022-11-29', '98297.00', 4, 190, 18);
insert into Rents (rent_id, start_date, end_date, rent_rate, rating_given, vehicle_id, admin_id) values (91, '2022-05-29', '2023-02-01', '85739.00', 2, 191, 29);
insert into Rents (rent_id, start_date, end_date, rent_rate, rating_given, vehicle_id, admin_id) values (92, '2022-07-04', '2023-01-06', '70582.00', 1, 192, 34);
insert into Rents (rent_id, start_date, end_date, rent_rate, rating_given, vehicle_id, admin_id) values (93, '2022-02-28', '2022-10-30', '75836.00', 4, 193, 33);
insert into Rents (rent_id, start_date, end_date, rent_rate, rating_given, vehicle_id, admin_id) values (94, '2022-05-13', '2023-01-05', '72942.00', 5, 194, 27);
insert into Rents (rent_id, start_date, end_date, rent_rate, rating_given, vehicle_id, admin_id) values (95, '2022-08-12', '2022-11-29', '82000.00', 3, 195, 18);
insert into Rents (rent_id, start_date, end_date, rent_rate, rating_given, vehicle_id, admin_id) values (96, '2022-04-02', '2023-01-27', '96619.00', 5, 196, 12);
insert into Rents (rent_id, start_date, end_date, rent_rate, rating_given, vehicle_id, admin_id) values (97, '2022-04-16', '2022-10-25', '25560.00', 1, 197, 40);
insert into Rents (rent_id, start_date, end_date, rent_rate, rating_given, vehicle_id, admin_id) values (98, '2022-06-16', '2022-12-30', '15328.00', 3, 198, 16);
insert into Rents (rent_id, start_date, end_date, rent_rate, rating_given, vehicle_id, admin_id) values (99, '2022-08-09', '2022-11-12', '29250.00', 1, 199, 6);
insert into Rents (rent_id, start_date, end_date, rent_rate, rating_given, vehicle_id, admin_id) values (100, '2022-03-02', '2022-12-12', '35588.00', 3, 200, 30);


-- table driver 


insert into Driver (driver_id, d_password, fname, lname, email_id, dob, addr_str_no, addr_str_name, addr_city, addr_state, vehicle_own_or_rent, vehicle_id, rent_id, admin_id) values (1, 'U4YTy2BXmBti', 'Charity', 'Skyram', 'cskyram0@nydailynews.com', '1991-12-20', '58402', 'Scoville', 'Greenville', 'South Carolina', 'own', 1, null, 19);
insert into Driver (driver_id, d_password, fname, lname, email_id, dob, addr_str_no, addr_str_name, addr_city, addr_state, vehicle_own_or_rent, vehicle_id, rent_id, admin_id) values (2, 'lTOLaZ', 'Bank', 'Devall', 'bdevall1@creativecommons.org', '1980-02-24', '7909', 'Sunbrook', 'Grand Forks', 'North Dakota', 'own', 2, null, 55);
insert into Driver (driver_id, d_password, fname, lname, email_id, dob, addr_str_no, addr_str_name, addr_city, addr_state, vehicle_own_or_rent, vehicle_id, rent_id, admin_id) values (3, 'Oq0LXR', 'Bobbe', 'Kalf', 'bkalf2@behance.net', '1986-01-24', '26752', 'Hoepker', 'Cincinnati', 'Ohio', 'own', 3, null, 21);
insert into Driver (driver_id, d_password, fname, lname, email_id, dob, addr_str_no, addr_str_name, addr_city, addr_state, vehicle_own_or_rent, vehicle_id, rent_id, admin_id) values (4, '8pHFTthuzIK', 'Arnaldo', 'Garner', 'agarner3@lulu.com', '1988-11-02', '36805', 'Rieder', 'Knoxville', 'Tennessee', 'own', 4, null, 12);
insert into Driver (driver_id, d_password, fname, lname, email_id, dob, addr_str_no, addr_str_name, addr_city, addr_state, vehicle_own_or_rent, vehicle_id, rent_id, admin_id) values (5, 'eXqd2r9fCR', 'Adriaens', 'Oakden', 'aoakden4@woothemes.com', '1988-04-05', '9', 'North', 'Buffalo', 'New York', 'own', 5, null, 52);
insert into Driver (driver_id, d_password, fname, lname, email_id, dob, addr_str_no, addr_str_name, addr_city, addr_state, vehicle_own_or_rent, vehicle_id, rent_id, admin_id) values (6, 'tG5UesnqY', 'Vi', 'Ilyas', 'vilyas5@dion.ne.jp', '1991-01-18', '24', 'Swallow', 'Santa Fe', 'New Mexico', 'own', 6, null, 39);
insert into Driver (driver_id, d_password, fname, lname, email_id, dob, addr_str_no, addr_str_name, addr_city, addr_state, vehicle_own_or_rent, vehicle_id, rent_id, admin_id) values (7, 'KNJ3wOkSZil', 'Tamra', 'Parsons', 'tparsons6@joomla.org', '1982-05-15', '52', 'Monica', 'Chicago', 'Illinois', 'own', 7, null, 51);
insert into Driver (driver_id, d_password, fname, lname, email_id, dob, addr_str_no, addr_str_name, addr_city, addr_state, vehicle_own_or_rent, vehicle_id, rent_id, admin_id) values (8, 'AGa2E56V', 'Astrix', 'Pedracci', 'apedracci7@engadget.com', '1986-05-05', '3', 'Ruskin', 'Orlando', 'Florida', 'own', 8, null, 11);
insert into Driver (driver_id, d_password, fname, lname, email_id, dob, addr_str_no, addr_str_name, addr_city, addr_state, vehicle_own_or_rent, vehicle_id, rent_id, admin_id) values (9, '5D1GSOE4w', 'Salome', 'Faull', 'sfaull8@list-manage.com', '1980-10-14', '32614', 'Sloan', 'Portsmouth', 'New Hampshire', 'own', 9, null, 26);
insert into Driver (driver_id, d_password, fname, lname, email_id, dob, addr_str_no, addr_str_name, addr_city, addr_state, vehicle_own_or_rent, vehicle_id, rent_id, admin_id) values (10, 'yxfnVQlwale', 'Davey', 'Barwis', 'dbarwis9@bing.com', '1991-06-04', '502', 'Arrowood', 'Newark', 'New Jersey', 'own', 10, null, 24);
insert into Driver (driver_id, d_password, fname, lname, email_id, dob, addr_str_no, addr_str_name, addr_city, addr_state, vehicle_own_or_rent, vehicle_id, rent_id, admin_id) values (11, 'Q7y73fyObZbq', 'Nickolai', 'Weekland', 'nweeklanda@java.com', '1988-04-24', '0', 'Arizona', 'Portland', 'Oregon', 'own', 11, null, 37);
insert into Driver (driver_id, d_password, fname, lname, email_id, dob, addr_str_no, addr_str_name, addr_city, addr_state, vehicle_own_or_rent, vehicle_id, rent_id, admin_id) values (12, 'xsHiTZKvN27u', 'Yardley', 'MacDunleavy', 'ymacdunleavyb@stumbleupon.com', '1982-11-11', '2893', 'Arrowood', 'Los Angeles', 'California', 'own', 12, null, 27);
insert into Driver (driver_id, d_password, fname, lname, email_id, dob, addr_str_no, addr_str_name, addr_city, addr_state, vehicle_own_or_rent, vehicle_id, rent_id, admin_id) values (13, 'JjPNUYVB9', 'Sargent', 'Heskey', 'sheskeyc@dyndns.org', '1988-08-29', '262', 'Shoshone', 'Lexington', 'Kentucky', 'own', 13, null, 7);
insert into Driver (driver_id, d_password, fname, lname, email_id, dob, addr_str_no, addr_str_name, addr_city, addr_state, vehicle_own_or_rent, vehicle_id, rent_id, admin_id) values (14, '6UAIZLLmTWIN', 'Clarie', 'McMillan', 'cmcmilland@weibo.com', '1991-04-20', '73598', 'Summerview', 'Bryan', 'Texas', 'own', 14, null, 34);
insert into Driver (driver_id, d_password, fname, lname, email_id, dob, addr_str_no, addr_str_name, addr_city, addr_state, vehicle_own_or_rent, vehicle_id, rent_id, admin_id) values (15, 'IMMYs0xZO9', 'Mildrid', 'Blackstock', 'mblackstocke@jiathis.com', '1981-09-13', '208', 'Harbort', 'Monroe', 'Louisiana', 'own', 15, null, 42);
insert into Driver (driver_id, d_password, fname, lname, email_id, dob, addr_str_no, addr_str_name, addr_city, addr_state, vehicle_own_or_rent, vehicle_id, rent_id, admin_id) values (16, 'gjshx1M', 'Devina', 'Trainer', 'dtrainerf@barnesandnoble.com', '1995-08-07', '8427', 'Heath', 'Oakland', 'California', 'own', 16, null, 49);
insert into Driver (driver_id, d_password, fname, lname, email_id, dob, addr_str_no, addr_str_name, addr_city, addr_state, vehicle_own_or_rent, vehicle_id, rent_id, admin_id) values (17, 'tnj11O', 'Phillip', 'Pottes', 'ppottesg@ftc.gov', '1984-12-09', '064', 'Lindbergh', 'Charlotte', 'North Carolina', 'own', 17, null, 47);
insert into Driver (driver_id, d_password, fname, lname, email_id, dob, addr_str_no, addr_str_name, addr_city, addr_state, vehicle_own_or_rent, vehicle_id, rent_id, admin_id) values (18, '5lnx50', 'Ulric', 'MacArd', 'umacardh@mozilla.org', '1996-08-14', '549', 'Express', 'Raleigh', 'North Carolina', 'own', 18, null, 22);
insert into Driver (driver_id, d_password, fname, lname, email_id, dob, addr_str_no, addr_str_name, addr_city, addr_state, vehicle_own_or_rent, vehicle_id, rent_id, admin_id) values (19, 'dE5ZXnq', 'Frances', 'Gregoretti', 'fgregorettii@cargocollective.com', '1992-11-14', '36', 'Anderson', 'Madison', 'Wisconsin', 'own', 19, null, 1);
insert into Driver (driver_id, d_password, fname, lname, email_id, dob, addr_str_no, addr_str_name, addr_city, addr_state, vehicle_own_or_rent, vehicle_id, rent_id, admin_id) values (20, 'IyBoqOovdll', 'Winona', 'Willox', 'wwilloxj@cafepress.com', '1994-04-10', '836', 'Huxley', 'Omaha', 'Nebraska', 'own', 20, null, 4);
insert into Driver (driver_id, d_password, fname, lname, email_id, dob, addr_str_no, addr_str_name, addr_city, addr_state, vehicle_own_or_rent, vehicle_id, rent_id, admin_id) values (21, '7f8UrA8a2NEm', 'Sheba', 'Capehorn', 'scapehornk@hubpages.com', '1984-11-26', '6062', 'Troy', 'Tampa', 'Florida', 'own', 21, null, 17);
insert into Driver (driver_id, d_password, fname, lname, email_id, dob, addr_str_no, addr_str_name, addr_city, addr_state, vehicle_own_or_rent, vehicle_id, rent_id, admin_id) values (22, '7LhsCI', 'Lacie', 'Rossant', 'lrossantl@samsung.com', '1990-09-14', '0', 'Anzinger', 'Kansas City', 'Missouri', 'own', 22, null, 7);
insert into Driver (driver_id, d_password, fname, lname, email_id, dob, addr_str_no, addr_str_name, addr_city, addr_state, vehicle_own_or_rent, vehicle_id, rent_id, admin_id) values (23, 'YFptL2VMc', 'Gibb', 'Boulding', 'gbouldingm@i2i.jp', '1995-09-10', '8657', 'Autumn Leaf', 'Dallas', 'Texas', 'own', 23, null, 44);
insert into Driver (driver_id, d_password, fname, lname, email_id, dob, addr_str_no, addr_str_name, addr_city, addr_state, vehicle_own_or_rent, vehicle_id, rent_id, admin_id) values (24, 'YyjJNX0TqtT9', 'Mavra', 'Zoellner', 'mzoellnern@sourceforge.net', '1983-08-07', '1643', 'Golden Leaf', 'Topeka', 'Kansas', 'own', 24, null, 40);
insert into Driver (driver_id, d_password, fname, lname, email_id, dob, addr_str_no, addr_str_name, addr_city, addr_state, vehicle_own_or_rent, vehicle_id, rent_id, admin_id) values (25, '0R4419i54', 'Farrel', 'Durrett', 'fdurretto@earthlink.net', '1982-09-01', '13346', 'American', 'Baton Rouge', 'Louisiana', 'own', 25, null, 18);
insert into Driver (driver_id, d_password, fname, lname, email_id, dob, addr_str_no, addr_str_name, addr_city, addr_state, vehicle_own_or_rent, vehicle_id, rent_id, admin_id) values (26, 'hCUT9wDYLRwp', 'Sada', 'Whatley', 'swhatleyp@hubpages.com', '1982-11-04', '0901', 'Nancy', 'San Jose', 'California', 'own', 26, null, 51);
insert into Driver (driver_id, d_password, fname, lname, email_id, dob, addr_str_no, addr_str_name, addr_city, addr_state, vehicle_own_or_rent, vehicle_id, rent_id, admin_id) values (27, 'HafflnoSIOp', 'Paulie', 'Chrishop', 'pchrishopq@hao123.com', '1994-08-29', '08827', 'Randy', 'Decatur', 'Georgia', 'own', 27, null, 53);
insert into Driver (driver_id, d_password, fname, lname, email_id, dob, addr_str_no, addr_str_name, addr_city, addr_state, vehicle_own_or_rent, vehicle_id, rent_id, admin_id) values (28, 'MdfFfYb3xJw', 'Bridget', 'Chevins', 'bchevinsr@independent.co.uk', '1993-11-22', '36208', 'Longview', 'Chicago', 'Illinois', 'own', 28, null, 7);
insert into Driver (driver_id, d_password, fname, lname, email_id, dob, addr_str_no, addr_str_name, addr_city, addr_state, vehicle_own_or_rent, vehicle_id, rent_id, admin_id) values (29, '0u1DyQ', 'Violetta', 'McLugish', 'vmclugishs@nifty.com', '1983-09-28', '580', 'Starling', 'Sparks', 'Nevada', 'own', 29, null, 44);
insert into Driver (driver_id, d_password, fname, lname, email_id, dob, addr_str_no, addr_str_name, addr_city, addr_state, vehicle_own_or_rent, vehicle_id, rent_id, admin_id) values (30, 'kzu1h9GCWb', 'Samantha', 'Isack', 'sisackt@github.com', '1996-06-15', '691', 'Loomis', 'Omaha', 'Nebraska', 'own', 30, null, 33);
insert into Driver (driver_id, d_password, fname, lname, email_id, dob, addr_str_no, addr_str_name, addr_city, addr_state, vehicle_own_or_rent, vehicle_id, rent_id, admin_id) values (31, '3jdbmL', 'Godwin', 'Dangl', 'gdanglu@themeforest.net', '1980-07-30', '600', 'Mandrake', 'Colorado Springs', 'Colorado', 'own', 31, null, 52);
insert into Driver (driver_id, d_password, fname, lname, email_id, dob, addr_str_no, addr_str_name, addr_city, addr_state, vehicle_own_or_rent, vehicle_id, rent_id, admin_id) values (32, 'BBckUbQkmWMu', 'Gil', 'Muttock', 'gmuttockv@fotki.com', '1985-06-02', '74492', 'Cherokee', 'Whittier', 'California', 'own', 32, null, 21);
insert into Driver (driver_id, d_password, fname, lname, email_id, dob, addr_str_no, addr_str_name, addr_city, addr_state, vehicle_own_or_rent, vehicle_id, rent_id, admin_id) values (33, 'RkygGsqCs7', 'Roman', 'Woodnutt', 'rwoodnuttw@cisco.com', '1996-10-23', '0666', 'Ronald Regan', 'Washington', 'District of Columbia', 'own', 33, null, 22);
insert into Driver (driver_id, d_password, fname, lname, email_id, dob, addr_str_no, addr_str_name, addr_city, addr_state, vehicle_own_or_rent, vehicle_id, rent_id, admin_id) values (34, 'XtSyXtRWvVV', 'Fae', 'Ell', 'fellx@nhs.uk', '1984-06-20', '96', 'Linden', 'Memphis', 'Tennessee', 'own', 34, null, 41);
insert into Driver (driver_id, d_password, fname, lname, email_id, dob, addr_str_no, addr_str_name, addr_city, addr_state, vehicle_own_or_rent, vehicle_id, rent_id, admin_id) values (35, 'zZRfIg', 'Kikelia', 'Sams', 'ksamsy@cdbaby.com', '1987-05-19', '00', 'Utah', 'Flint', 'Michigan', 'own', 35, null, 12);
insert into Driver (driver_id, d_password, fname, lname, email_id, dob, addr_str_no, addr_str_name, addr_city, addr_state, vehicle_own_or_rent, vehicle_id, rent_id, admin_id) values (36, 'c4Ne9wBZ7Cm', 'Jacki', 'Standbrook', 'jstandbrookz@blogspot.com', '1988-08-04', '361', 'Hollow Ridge', 'Boise', 'Idaho', 'own', 36, null, 5);
insert into Driver (driver_id, d_password, fname, lname, email_id, dob, addr_str_no, addr_str_name, addr_city, addr_state, vehicle_own_or_rent, vehicle_id, rent_id, admin_id) values (37, 'WKbYklNBxzid', 'Clemmie', 'Crumpton', 'ccrumpton10@google.cn', '1987-02-24', '62', 'Westerfield', 'Fresno', 'California', 'own', 37, null, 21);
insert into Driver (driver_id, d_password, fname, lname, email_id, dob, addr_str_no, addr_str_name, addr_city, addr_state, vehicle_own_or_rent, vehicle_id, rent_id, admin_id) values (38, 'AOHAecivznl', 'Fonz', 'Rubroe', 'frubroe11@spotify.com', '1984-05-28', '76678', 'Village Green', 'Jackson', 'Mississippi', 'own', 38, null, 5);
insert into Driver (driver_id, d_password, fname, lname, email_id, dob, addr_str_no, addr_str_name, addr_city, addr_state, vehicle_own_or_rent, vehicle_id, rent_id, admin_id) values (39, 'yttyRCWmBn', 'Helsa', 'Hurworth', 'hhurworth12@nymag.com', '1984-02-17', '1669', 'Eastlawn', 'Tampa', 'Florida', 'own', 39, null, 22);
insert into Driver (driver_id, d_password, fname, lname, email_id, dob, addr_str_no, addr_str_name, addr_city, addr_state, vehicle_own_or_rent, vehicle_id, rent_id, admin_id) values (40, 'gBBFMhp', 'Gauthier', 'Stuckey', 'gstuckey13@exblog.jp', '1980-02-11', '048', 'Bayside', 'Pensacola', 'Florida', 'own', 40, null, 15);
insert into Driver (driver_id, d_password, fname, lname, email_id, dob, addr_str_no, addr_str_name, addr_city, addr_state, vehicle_own_or_rent, vehicle_id, rent_id, admin_id) values (41, 'pS132CB', 'Rodrigo', 'Emblow', 'remblow14@patch.com', '1991-03-03', '305', 'Express', 'Austin', 'Texas', 'own', 41, null, 40);
insert into Driver (driver_id, d_password, fname, lname, email_id, dob, addr_str_no, addr_str_name, addr_city, addr_state, vehicle_own_or_rent, vehicle_id, rent_id, admin_id) values (42, 'Dz6DipfEwq', 'Forbes', 'Druitt', 'fdruitt15@smh.com.au', '1990-03-10', '83560', 'Briar Crest', 'Memphis', 'Tennessee', 'own', 42, null, 13);
insert into Driver (driver_id, d_password, fname, lname, email_id, dob, addr_str_no, addr_str_name, addr_city, addr_state, vehicle_own_or_rent, vehicle_id, rent_id, admin_id) values (43, 'as7ah2iq', 'Halimeda', 'Jeandel', 'hjeandel16@skype.com', '1992-05-29', '71882', 'Bluejay', 'New Orleans', 'Louisiana', 'own', 43, null, 28);
insert into Driver (driver_id, d_password, fname, lname, email_id, dob, addr_str_no, addr_str_name, addr_city, addr_state, vehicle_own_or_rent, vehicle_id, rent_id, admin_id) values (44, 'BhlMsOZ', 'Mack', 'Muspratt', 'mmuspratt17@skyrock.com', '1981-06-08', '415', 'Harbort', 'Silver Spring', 'Maryland', 'own', 44, null, 32);
insert into Driver (driver_id, d_password, fname, lname, email_id, dob, addr_str_no, addr_str_name, addr_city, addr_state, vehicle_own_or_rent, vehicle_id, rent_id, admin_id) values (45, '5rncMkSp7QXj', 'Caty', 'Durant', 'cdurant18@xrea.com', '1983-12-24', '3', 'Ridge Oak', 'Lincoln', 'Nebraska', 'own', 45, null, 34);
insert into Driver (driver_id, d_password, fname, lname, email_id, dob, addr_str_no, addr_str_name, addr_city, addr_state, vehicle_own_or_rent, vehicle_id, rent_id, admin_id) values (46, 'H4anVa', 'Miquela', 'Clark', 'mclark19@unc.edu', '1994-10-05', '73', 'Esch', 'Flushing', 'New York', 'own', 46, null, 42);
insert into Driver (driver_id, d_password, fname, lname, email_id, dob, addr_str_no, addr_str_name, addr_city, addr_state, vehicle_own_or_rent, vehicle_id, rent_id, admin_id) values (47, 'rGtFj6Mv4', 'Sal', 'Beddoes', 'sbeddoes1a@whitehouse.gov', '1983-01-05', '4102', 'Forest', 'Birmingham', 'Alabama', 'own', 47, null, 55);
insert into Driver (driver_id, d_password, fname, lname, email_id, dob, addr_str_no, addr_str_name, addr_city, addr_state, vehicle_own_or_rent, vehicle_id, rent_id, admin_id) values (48, 'vw5bZ0ux65tQ', 'Kare', 'Glasser', 'kglasser1b@booking.com', '1994-03-16', '7170', 'Oak', 'Boise', 'Idaho', 'own', 48, null, 18);
insert into Driver (driver_id, d_password, fname, lname, email_id, dob, addr_str_no, addr_str_name, addr_city, addr_state, vehicle_own_or_rent, vehicle_id, rent_id, admin_id) values (49, '7wPafBfBq0u', 'Moise', 'Yedy', 'myedy1c@wordpress.com', '1983-03-07', '04', 'Ridgeview', 'Dayton', 'Ohio', 'own', 49, null, 32);
insert into Driver (driver_id, d_password, fname, lname, email_id, dob, addr_str_no, addr_str_name, addr_city, addr_state, vehicle_own_or_rent, vehicle_id, rent_id, admin_id) values (50, 'VJlMnbfu', 'Gibbie', 'Ranner', 'granner1d@baidu.com', '1986-08-12', '29', 'Del Sol', 'Stockton', 'California', 'own', 50, null, 42);
insert into Driver (driver_id, d_password, fname, lname, email_id, dob, addr_str_no, addr_str_name, addr_city, addr_state, vehicle_own_or_rent, vehicle_id, rent_id, admin_id) values (51, 'ZoBAx7jf', 'Hilary', 'Crone', 'hcrone0@statcounter.com', '1992-10-14', '867', 'Donald', 'Terre Haute', 'Indiana', 'rent', 101, 1, 32);
insert into Driver (driver_id, d_password, fname, lname, email_id, dob, addr_str_no, addr_str_name, addr_city, addr_state, vehicle_own_or_rent, vehicle_id, rent_id, admin_id) values (52, '5cBy5QOgB', 'Cordelie', 'Yelding', 'cyelding1@github.com', '1989-02-19', '51', 'Blaine', 'Wichita', 'Kansas', 'rent', 102, 2, 52);
insert into Driver (driver_id, d_password, fname, lname, email_id, dob, addr_str_no, addr_str_name, addr_city, addr_state, vehicle_own_or_rent, vehicle_id, rent_id, admin_id) values (53, '5uLp2P8', 'Malva', 'Rootham', 'mrootham2@artisteer.com', '1995-02-20', '04962', 'Atwood', 'San Antonio', 'Texas', 'rent', 103, 3, 38);
insert into Driver (driver_id, d_password, fname, lname, email_id, dob, addr_str_no, addr_str_name, addr_city, addr_state, vehicle_own_or_rent, vehicle_id, rent_id, admin_id) values (54, 'Ba1ibV4cGGaB', 'Garry', 'Howse', 'ghowse3@harvard.edu', '1996-10-26', '01913', 'Clemons', 'Ocala', 'Florida', 'rent', 104, 4, 37);
insert into Driver (driver_id, d_password, fname, lname, email_id, dob, addr_str_no, addr_str_name, addr_city, addr_state, vehicle_own_or_rent, vehicle_id, rent_id, admin_id) values (55, 'S0qPRaahF', 'Agneta', 'Farlow', 'afarlow4@prlog.org', '1996-10-15', '0', 'Lillian', 'Miami', 'Florida', 'rent', 105, 5, 38);
insert into Driver (driver_id, d_password, fname, lname, email_id, dob, addr_str_no, addr_str_name, addr_city, addr_state, vehicle_own_or_rent, vehicle_id, rent_id, admin_id) values (56, 'M9QLSlqlR', 'Chelsie', 'Yon', 'cyon5@hud.gov', '1994-03-20', '14709', 'Elka', 'Sacramento', 'California', 'rent', 106, 6, 35);
insert into Driver (driver_id, d_password, fname, lname, email_id, dob, addr_str_no, addr_str_name, addr_city, addr_state, vehicle_own_or_rent, vehicle_id, rent_id, admin_id) values (57, 'QUZFUTtq', 'Ilse', 'Olliar', 'iolliar6@upenn.edu', '1993-09-08', '82', 'Dovetail', 'Salinas', 'California', 'rent', 107, 7, 2);
insert into Driver (driver_id, d_password, fname, lname, email_id, dob, addr_str_no, addr_str_name, addr_city, addr_state, vehicle_own_or_rent, vehicle_id, rent_id, admin_id) values (58, 'mUSCkCL', 'Duffy', 'Merigeau', 'dmerigeau7@bloomberg.com', '1993-12-10', '8', 'Badeau', 'Raleigh', 'North Carolina', 'rent', 108, 8, 45);
insert into Driver (driver_id, d_password, fname, lname, email_id, dob, addr_str_no, addr_str_name, addr_city, addr_state, vehicle_own_or_rent, vehicle_id, rent_id, admin_id) values (59, 'IZeJqiA6eIs', 'Joletta', 'O''Keeffe', 'jokeeffe8@hostgator.com', '1995-08-15', '4', 'Scoville', 'New York City', 'New York', 'rent', 109, 9, 30);
insert into Driver (driver_id, d_password, fname, lname, email_id, dob, addr_str_no, addr_str_name, addr_city, addr_state, vehicle_own_or_rent, vehicle_id, rent_id, admin_id) values (60, 'ip3OFW2', 'Mariette', 'Danielut', 'mdanielut9@etsy.com', '1996-04-12', '14', 'Lukken', 'El Paso', 'Texas', 'rent', 110, 10, 16);
insert into Driver (driver_id, d_password, fname, lname, email_id, dob, addr_str_no, addr_str_name, addr_city, addr_state, vehicle_own_or_rent, vehicle_id, rent_id, admin_id) values (61, 'J2OXlG', 'Elvina', 'Lomansey', 'elomanseya@xinhuanet.com', '1981-09-02', '7', 'Heath', 'Lake Worth', 'Florida', 'rent', 111, 11, 14);
insert into Driver (driver_id, d_password, fname, lname, email_id, dob, addr_str_no, addr_str_name, addr_city, addr_state, vehicle_own_or_rent, vehicle_id, rent_id, admin_id) values (62, 'a5Nu74', 'Oliver', 'Endean', 'oendeanb@china.com.cn', '1981-12-28', '7694', 'Arapahoe', 'Tampa', 'Florida', 'rent', 112, 12, 7);
insert into Driver (driver_id, d_password, fname, lname, email_id, dob, addr_str_no, addr_str_name, addr_city, addr_state, vehicle_own_or_rent, vehicle_id, rent_id, admin_id) values (63, '0aCgj6Pod', 'Karna', 'Esch', 'keschc@example.com', '1982-11-21', '45', 'Wayridge', 'Naperville', 'Illinois', 'rent', 113, 13, 40);
insert into Driver (driver_id, d_password, fname, lname, email_id, dob, addr_str_no, addr_str_name, addr_city, addr_state, vehicle_own_or_rent, vehicle_id, rent_id, admin_id) values (64, 'slHpm9L7b3', 'Hinda', 'Winfindale', 'hwinfindaled@state.gov', '1996-02-01', '492', 'Twin Pines', 'Raleigh', 'North Carolina', 'rent', 114, 14, 3);
insert into Driver (driver_id, d_password, fname, lname, email_id, dob, addr_str_no, addr_str_name, addr_city, addr_state, vehicle_own_or_rent, vehicle_id, rent_id, admin_id) values (65, 'Md3hK5VL', 'Sharyl', 'Dilston', 'sdilstone@abc.net.au', '1987-06-13', '70700', 'Golf Course', 'Richmond', 'Virginia', 'rent', 115, 15, 14);
insert into Driver (driver_id, d_password, fname, lname, email_id, dob, addr_str_no, addr_str_name, addr_city, addr_state, vehicle_own_or_rent, vehicle_id, rent_id, admin_id) values (66, 'AgIUCnBDsMGg', 'Virge', 'Gillani', 'vgillanif@bluehost.com', '1996-06-06', '937', 'Rowland', 'Oklahoma City', 'Oklahoma', 'rent', 116, 16, 17);
insert into Driver (driver_id, d_password, fname, lname, email_id, dob, addr_str_no, addr_str_name, addr_city, addr_state, vehicle_own_or_rent, vehicle_id, rent_id, admin_id) values (67, 'DtUzjWUEulkH', 'Cate', 'Quinevan', 'cquinevang@seesaa.net', '1983-12-17', '6013', 'Leroy', 'Tulsa', 'Oklahoma', 'rent', 117, 17, 50);
insert into Driver (driver_id, d_password, fname, lname, email_id, dob, addr_str_no, addr_str_name, addr_city, addr_state, vehicle_own_or_rent, vehicle_id, rent_id, admin_id) values (68, 'glnQnEi8noi5', 'Colin', 'MacGoun', 'cmacgounh@themeforest.net', '1981-12-06', '81456', 'Magdeline', 'New York City', 'New York', 'rent', 118, 18, 7);
insert into Driver (driver_id, d_password, fname, lname, email_id, dob, addr_str_no, addr_str_name, addr_city, addr_state, vehicle_own_or_rent, vehicle_id, rent_id, admin_id) values (69, '71g1gHePI', 'Floyd', 'Edworthy', 'fedworthyi@toplist.cz', '1989-03-31', '211', 'Sunfield', 'Boston', 'Massachusetts', 'rent', 119, 19, 48);
insert into Driver (driver_id, d_password, fname, lname, email_id, dob, addr_str_no, addr_str_name, addr_city, addr_state, vehicle_own_or_rent, vehicle_id, rent_id, admin_id) values (70, '4lZrWCMa2', 'Sean', 'Saladin', 'ssaladinj@hostgator.com', '1994-07-17', '262', 'Heath', 'Inglewood', 'California', 'rent', 120, 20, 14);
insert into Driver (driver_id, d_password, fname, lname, email_id, dob, addr_str_no, addr_str_name, addr_city, addr_state, vehicle_own_or_rent, vehicle_id, rent_id, admin_id) values (71, 'hlNnr2RquAr', 'Freddy', 'MacNab', 'fmacnabk@ifeng.com', '1988-01-22', '4920', 'Charing Cross', 'Anderson', 'South Carolina', 'rent', 121, 21, 30);
insert into Driver (driver_id, d_password, fname, lname, email_id, dob, addr_str_no, addr_str_name, addr_city, addr_state, vehicle_own_or_rent, vehicle_id, rent_id, admin_id) values (72, 'i5U9KZJG', 'Hussein', 'Merchant', 'hmerchantl@cam.ac.uk', '1998-03-12', '83719', 'Algoma', 'New Orleans', 'Louisiana', 'rent', 122, 22, 35);
insert into Driver (driver_id, d_password, fname, lname, email_id, dob, addr_str_no, addr_str_name, addr_city, addr_state, vehicle_own_or_rent, vehicle_id, rent_id, admin_id) values (73, 'bJti99BB', 'Karisa', 'Gillicuddy', 'kgillicuddym@wikipedia.org', '1996-10-04', '36', 'Iowa', 'Birmingham', 'Alabama', 'rent', 123, 23, 15);
insert into Driver (driver_id, d_password, fname, lname, email_id, dob, addr_str_no, addr_str_name, addr_city, addr_state, vehicle_own_or_rent, vehicle_id, rent_id, admin_id) values (74, 'bUAJGGrai', 'Ruby', 'Cluet', 'rcluetn@1und1.de', '1988-01-28', '43449', 'Union', 'Memphis', 'Tennessee', 'rent', 124, 24, 49);
insert into Driver (driver_id, d_password, fname, lname, email_id, dob, addr_str_no, addr_str_name, addr_city, addr_state, vehicle_own_or_rent, vehicle_id, rent_id, admin_id) values (75, 'k9vNgpPbuLb', 'Olag', 'Newgrosh', 'onewgrosho@elpais.com', '1991-08-16', '65', 'Gale', 'Tucson', 'Arizona', 'rent', 125, 25, 10);
insert into Driver (driver_id, d_password, fname, lname, email_id, dob, addr_str_no, addr_str_name, addr_city, addr_state, vehicle_own_or_rent, vehicle_id, rent_id, admin_id) values (76, 'USZVKb8d5', 'Sharla', 'Shill', 'sshillp@twitter.com', '1997-12-26', '80', 'Shopko', 'Las Vegas', 'Nevada', 'rent', 126, 26, 21);
insert into Driver (driver_id, d_password, fname, lname, email_id, dob, addr_str_no, addr_str_name, addr_city, addr_state, vehicle_own_or_rent, vehicle_id, rent_id, admin_id) values (77, 'pDqeudR', 'Elmo', 'Leys', 'eleysq@homestead.com', '1997-10-15', '0', '6th', 'Lakeland', 'Florida', 'rent', 127, 27, 1);
insert into Driver (driver_id, d_password, fname, lname, email_id, dob, addr_str_no, addr_str_name, addr_city, addr_state, vehicle_own_or_rent, vehicle_id, rent_id, admin_id) values (78, 'SnvNa0u', 'Gene', 'Wigfall', 'gwigfallr@squidoo.com', '1988-06-30', '666', 'Tennyson', 'El Paso', 'Texas', 'rent', 128, 28, 34);
insert into Driver (driver_id, d_password, fname, lname, email_id, dob, addr_str_no, addr_str_name, addr_city, addr_state, vehicle_own_or_rent, vehicle_id, rent_id, admin_id) values (79, 'Z5pI95a', 'Beniamino', 'Haily', 'bhailys@netvibes.com', '1985-01-23', '750', 'Dwight', 'Kansas City', 'Kansas', 'rent', 129, 29, 28);
insert into Driver (driver_id, d_password, fname, lname, email_id, dob, addr_str_no, addr_str_name, addr_city, addr_state, vehicle_own_or_rent, vehicle_id, rent_id, admin_id) values (80, 'JFRC2F', 'Clarine', 'Arington', 'caringtont@unesco.org', '1993-04-07', '79241', 'Porter', 'Las Vegas', 'Nevada', 'rent', 130, 30, 13);
insert into Driver (driver_id, d_password, fname, lname, email_id, dob, addr_str_no, addr_str_name, addr_city, addr_state, vehicle_own_or_rent, vehicle_id, rent_id, admin_id) values (81, 'bVf0Wv53', 'Karlens', 'Cuardall', 'kcuardallu@tmall.com', '1993-05-29', '198', 'Jay', 'Albany', 'New York', 'rent', 131, 31, 44);
insert into Driver (driver_id, d_password, fname, lname, email_id, dob, addr_str_no, addr_str_name, addr_city, addr_state, vehicle_own_or_rent, vehicle_id, rent_id, admin_id) values (82, 'LOgZ7fcSbYWV', 'Vere', 'Wycliff', 'vwycliffv@ustream.tv', '1982-06-22', '52904', 'Delladonna', 'Buffalo', 'New York', 'rent', 132, 32, 46);
insert into Driver (driver_id, d_password, fname, lname, email_id, dob, addr_str_no, addr_str_name, addr_city, addr_state, vehicle_own_or_rent, vehicle_id, rent_id, admin_id) values (83, 'a1JYVd2lGTdo', 'Goober', 'Asplen', 'gasplenw@google.es', '1980-07-10', '1', 'Dahle', 'Evanston', 'Illinois', 'rent', 133, 33, 50);
insert into Driver (driver_id, d_password, fname, lname, email_id, dob, addr_str_no, addr_str_name, addr_city, addr_state, vehicle_own_or_rent, vehicle_id, rent_id, admin_id) values (84, 'ts9xMotYy', 'Tad', 'Dorman', 'tdormanx@people.com.cn', '1997-08-10', '42136', 'Kenwood', 'Naples', 'Florida', 'rent', 134, 34, 5);
insert into Driver (driver_id, d_password, fname, lname, email_id, dob, addr_str_no, addr_str_name, addr_city, addr_state, vehicle_own_or_rent, vehicle_id, rent_id, admin_id) values (85, 'LqPg1cXDuTBv', 'Noak', 'Marioneau', 'nmarioneauy@wikia.com', '1983-01-28', '56545', 'Portage', 'Sarasota', 'Florida', 'rent', 135, 35, 16);
insert into Driver (driver_id, d_password, fname, lname, email_id, dob, addr_str_no, addr_str_name, addr_city, addr_state, vehicle_own_or_rent, vehicle_id, rent_id, admin_id) values (86, '0q8GNszE3r', 'Adair', 'Rowesby', 'arowesbyz@oracle.com', '1994-04-30', '541', 'Crest Line', 'Columbus', 'Ohio', 'rent', 136, 36, 35);
insert into Driver (driver_id, d_password, fname, lname, email_id, dob, addr_str_no, addr_str_name, addr_city, addr_state, vehicle_own_or_rent, vehicle_id, rent_id, admin_id) values (87, '4rfxN30', 'Araldo', 'Dominichetti', 'adominichetti10@bing.com', '2000-01-18', '4145', 'Briar Crest', 'Boston', 'Massachusetts', 'rent', 137, 37, 35);
insert into Driver (driver_id, d_password, fname, lname, email_id, dob, addr_str_no, addr_str_name, addr_city, addr_state, vehicle_own_or_rent, vehicle_id, rent_id, admin_id) values (88, 'AGIgg3Yrgz', 'Tracey', 'Shoubridge', 'tshoubridge11@mlb.com', '1999-03-19', '5', 'Harbort', 'Hartford', 'Connecticut', 'rent', 138, 38, 54);
insert into Driver (driver_id, d_password, fname, lname, email_id, dob, addr_str_no, addr_str_name, addr_city, addr_state, vehicle_own_or_rent, vehicle_id, rent_id, admin_id) values (89, '1GY2Bsb0m', 'Kienan', 'Loynes', 'kloynes12@telegraph.co.uk', '1985-12-23', '8', 'Morning', 'Sacramento', 'California', 'rent', 139, 39, 19);
insert into Driver (driver_id, d_password, fname, lname, email_id, dob, addr_str_no, addr_str_name, addr_city, addr_state, vehicle_own_or_rent, vehicle_id, rent_id, admin_id) values (90, 'hoY7Smrj', 'Tommie', 'Freddi', 'tfreddi13@umn.edu', '1991-05-03', '92914', 'Talisman', 'Anchorage', 'Alaska', 'rent', 140, 40, 3);
insert into Driver (driver_id, d_password, fname, lname, email_id, dob, addr_str_no, addr_str_name, addr_city, addr_state, vehicle_own_or_rent, vehicle_id, rent_id, admin_id) values (91, 'pv1MONMed7', 'Killie', 'Bartholin', 'kbartholin14@mail.ru', '1989-06-17', '15046', 'Superior', 'Tampa', 'Florida', 'rent', 141, 41, 38);
insert into Driver (driver_id, d_password, fname, lname, email_id, dob, addr_str_no, addr_str_name, addr_city, addr_state, vehicle_own_or_rent, vehicle_id, rent_id, admin_id) values (92, 'Z2b85k', 'Si', 'Toffolo', 'stoffolo15@ustream.tv', '1995-01-18', '08', 'Manufacturers', 'Sacramento', 'California', 'rent', 142, 42, 3);
insert into Driver (driver_id, d_password, fname, lname, email_id, dob, addr_str_no, addr_str_name, addr_city, addr_state, vehicle_own_or_rent, vehicle_id, rent_id, admin_id) values (93, '9IQ4ja', 'Mario', 'Goudge', 'mgoudge16@parallels.com', '1983-09-27', '3543', 'Iowa', 'Houston', 'Texas', 'rent', 143, 43, 43);
insert into Driver (driver_id, d_password, fname, lname, email_id, dob, addr_str_no, addr_str_name, addr_city, addr_state, vehicle_own_or_rent, vehicle_id, rent_id, admin_id) values (94, 'e2Nbgf', 'Valery', 'Minors', 'vminors17@twitter.com', '1990-09-24', '323', 'Clarendon', 'Houston', 'Texas', 'rent', 144, 44, 48);
insert into Driver (driver_id, d_password, fname, lname, email_id, dob, addr_str_no, addr_str_name, addr_city, addr_state, vehicle_own_or_rent, vehicle_id, rent_id, admin_id) values (95, 'XQLgHUGeZ4', 'Sophi', 'Abbots', 'sabbots18@dot.gov', '1981-06-04', '8', 'Elka', 'Columbia', 'Missouri', 'rent', 145, 45, 11);
insert into Driver (driver_id, d_password, fname, lname, email_id, dob, addr_str_no, addr_str_name, addr_city, addr_state, vehicle_own_or_rent, vehicle_id, rent_id, admin_id) values (96, 'nN6jt2etBom', 'Ruth', 'Dulton', 'rdulton19@bbb.org', '1987-07-19', '21989', 'Burning Wood', 'Santa Barbara', 'California', 'rent', 146, 46, 33);
insert into Driver (driver_id, d_password, fname, lname, email_id, dob, addr_str_no, addr_str_name, addr_city, addr_state, vehicle_own_or_rent, vehicle_id, rent_id, admin_id) values (97, '8e9zbLS', 'Arley', 'Jean', 'ajean1a@bluehost.com', '1991-04-13', '884', 'Almo', 'Huntington', 'West Virginia', 'rent', 147, 47, 27);
insert into Driver (driver_id, d_password, fname, lname, email_id, dob, addr_str_no, addr_str_name, addr_city, addr_state, vehicle_own_or_rent, vehicle_id, rent_id, admin_id) values (98, '9g8pGvfO5F7', 'Craggy', 'Bulpitt', 'cbulpitt1b@a8.net', '1985-02-08', '6472', 'Macpherson', 'San Francisco', 'California', 'rent', 148, 48, 33);
insert into Driver (driver_id, d_password, fname, lname, email_id, dob, addr_str_no, addr_str_name, addr_city, addr_state, vehicle_own_or_rent, vehicle_id, rent_id, admin_id) values (99, 'mVvxf1P5NP', 'Cirillo', 'McInnery', 'cmcinnery1c@amazon.co.uk', '1983-05-30', '98', 'Ridge Oak', 'Montgomery', 'Alabama', 'rent', 149, 49, 46);
insert into Driver (driver_id, d_password, fname, lname, email_id, dob, addr_str_no, addr_str_name, addr_city, addr_state, vehicle_own_or_rent, vehicle_id, rent_id, admin_id) values (100, 'zp7qoJNm', 'Pia', 'Vellacott', 'pvellacott1d@furl.net', '1996-08-03', '300', 'Northport', 'Rochester', 'Minnesota', 'rent', 150, 50, 2);

-- table driver_phno

insert into driver_phone_no (driver_id, phone_no) values (1, '2058568113');
insert into driver_phone_no (driver_id, phone_no) values (2, '2223334599');
insert into driver_phone_no (driver_id, phone_no) values (3, '9317641259');
insert into driver_phone_no (driver_id, phone_no) values (4, '8721312918');
insert into driver_phone_no (driver_id, phone_no) values (5, '1466426996');
insert into driver_phone_no (driver_id, phone_no) values (6, '8885866158');
insert into driver_phone_no (driver_id, phone_no) values (7, '9312848313');
insert into driver_phone_no (driver_id, phone_no) values (8, '9626229879');
insert into driver_phone_no (driver_id, phone_no) values (9, '6281449421');
insert into driver_phone_no (driver_id, phone_no) values (10, '5847415151');
insert into driver_phone_no (driver_id, phone_no) values (11, '1379440847');
insert into driver_phone_no (driver_id, phone_no) values (12, '1983009857');
insert into driver_phone_no (driver_id, phone_no) values (13, '5862754685');
insert into driver_phone_no (driver_id, phone_no) values (14, '1206828507');
insert into driver_phone_no (driver_id, phone_no) values (15, '3599207501');
insert into driver_phone_no (driver_id, phone_no) values (16, '8736210279');
insert into driver_phone_no (driver_id, phone_no) values (17, '3068283003');
insert into driver_phone_no (driver_id, phone_no) values (18, '3698412277');
insert into driver_phone_no (driver_id, phone_no) values (19, '6313173599');
insert into driver_phone_no (driver_id, phone_no) values (20, '7897614936');
insert into driver_phone_no (driver_id, phone_no) values (21, '7154234979');
insert into driver_phone_no (driver_id, phone_no) values (22, '6408761436');
insert into driver_phone_no (driver_id, phone_no) values (23, '8869001582');
insert into driver_phone_no (driver_id, phone_no) values (24, '5428818537');
insert into driver_phone_no (driver_id, phone_no) values (25, '4987153645');
insert into driver_phone_no (driver_id, phone_no) values (26, '2775329911');
insert into driver_phone_no (driver_id, phone_no) values (27, '4806298546');
insert into driver_phone_no (driver_id, phone_no) values (28, '4436638492');
insert into driver_phone_no (driver_id, phone_no) values (29, '5105957851');
insert into driver_phone_no (driver_id, phone_no) values (30, '6316280352');
insert into driver_phone_no (driver_id, phone_no) values (31, '3626012958');
insert into driver_phone_no (driver_id, phone_no) values (32, '8134522465');
insert into driver_phone_no (driver_id, phone_no) values (33, '7821771638');
insert into driver_phone_no (driver_id, phone_no) values (34, '3496757244');
insert into driver_phone_no (driver_id, phone_no) values (35, '6249793425');
insert into driver_phone_no (driver_id, phone_no) values (36, '8254029735');
insert into driver_phone_no (driver_id, phone_no) values (37, '4518886261');
insert into driver_phone_no (driver_id, phone_no) values (38, '6097286105');
insert into driver_phone_no (driver_id, phone_no) values (39, '6953662403');
insert into driver_phone_no (driver_id, phone_no) values (40, '9359525904');
insert into driver_phone_no (driver_id, phone_no) values (41, '5681660236');
insert into driver_phone_no (driver_id, phone_no) values (42, '3704781833');
insert into driver_phone_no (driver_id, phone_no) values (43, '6733336356');
insert into driver_phone_no (driver_id, phone_no) values (44, '5716988487');
insert into driver_phone_no (driver_id, phone_no) values (45, '9475081278');
insert into driver_phone_no (driver_id, phone_no) values (46, '2263945843');
insert into driver_phone_no (driver_id, phone_no) values (47, '5821189024');
insert into driver_phone_no (driver_id, phone_no) values (48, '2475354571');
insert into driver_phone_no (driver_id, phone_no) values (49, '8813031394');
insert into driver_phone_no (driver_id, phone_no) values (50, '1307363849');
insert into driver_phone_no (driver_id, phone_no) values (51, '9774138025');
insert into driver_phone_no (driver_id, phone_no) values (52, '1395910362');
insert into driver_phone_no (driver_id, phone_no) values (53, '6488288616');
insert into driver_phone_no (driver_id, phone_no) values (54, '7926334670');
insert into driver_phone_no (driver_id, phone_no) values (55, '6098273681');
insert into driver_phone_no (driver_id, phone_no) values (56, '6519854018');
insert into driver_phone_no (driver_id, phone_no) values (57, '6747118323');
insert into driver_phone_no (driver_id, phone_no) values (58, '1465197621');
insert into driver_phone_no (driver_id, phone_no) values (59, '6945713909');
insert into driver_phone_no (driver_id, phone_no) values (60, '8993339381');
insert into driver_phone_no (driver_id, phone_no) values (61, '6163819144');
insert into driver_phone_no (driver_id, phone_no) values (62, '2127426436');
insert into driver_phone_no (driver_id, phone_no) values (63, '3168317721');
insert into driver_phone_no (driver_id, phone_no) values (64, '5053751188');
insert into driver_phone_no (driver_id, phone_no) values (65, '5472453878');
insert into driver_phone_no (driver_id, phone_no) values (66, '1076293198');
insert into driver_phone_no (driver_id, phone_no) values (67, '9818265131');
insert into driver_phone_no (driver_id, phone_no) values (68, '9172591853');
insert into driver_phone_no (driver_id, phone_no) values (69, '9659872581');
insert into driver_phone_no (driver_id, phone_no) values (70, '7637959115');
insert into driver_phone_no (driver_id, phone_no) values (71, '1152665044');
insert into driver_phone_no (driver_id, phone_no) values (72, '3049983105');
insert into driver_phone_no (driver_id, phone_no) values (73, '2963146511');
insert into driver_phone_no (driver_id, phone_no) values (74, '7657745589');
insert into driver_phone_no (driver_id, phone_no) values (75, '7542821737');
insert into driver_phone_no (driver_id, phone_no) values (76, '6557830062');
insert into driver_phone_no (driver_id, phone_no) values (77, '6148859654');
insert into driver_phone_no (driver_id, phone_no) values (78, '3811141044');
insert into driver_phone_no (driver_id, phone_no) values (79, '7071889704');
insert into driver_phone_no (driver_id, phone_no) values (80, '6884900162');
insert into driver_phone_no (driver_id, phone_no) values (81, '2195544094');
insert into driver_phone_no (driver_id, phone_no) values (82, '9028036798');
insert into driver_phone_no (driver_id, phone_no) values (83, '3956125874');
insert into driver_phone_no (driver_id, phone_no) values (84, '5385835386');
insert into driver_phone_no (driver_id, phone_no) values (85, '7318783505');
insert into driver_phone_no (driver_id, phone_no) values (86, '4122655464');
insert into driver_phone_no (driver_id, phone_no) values (87, '4712411629');
insert into driver_phone_no (driver_id, phone_no) values (88, '1048529175');
insert into driver_phone_no (driver_id, phone_no) values (89, '1782093751');
insert into driver_phone_no (driver_id, phone_no) values (90, '9356984124');
insert into driver_phone_no (driver_id, phone_no) values (91, '7249683410');
insert into driver_phone_no (driver_id, phone_no) values (92, '9832225151');
insert into driver_phone_no (driver_id, phone_no) values (93, '6875541910');
insert into driver_phone_no (driver_id, phone_no) values (94, '8536194286');
insert into driver_phone_no (driver_id, phone_no) values (95, '5595798077');
insert into driver_phone_no (driver_id, phone_no) values (96, '7625251100');
insert into driver_phone_no (driver_id, phone_no) values (97, '6343837631');
insert into driver_phone_no (driver_id, phone_no) values (98, '9504487771');
insert into driver_phone_no (driver_id, phone_no) values (99, '3295720670');
insert into driver_phone_no (driver_id, phone_no) values (100, '4934807706');


-- table driver_feedback

insert into Driver_feedback (driver_id, feedback_id, feedback_date, feedback_time, feedback_content) values (38, 1, '2022-10-21', '11:12:19', 'Nulla ut erat id mauris vulputate elementum. Nullam varius.');
insert into Driver_feedback (driver_id, feedback_id, feedback_date, feedback_time, feedback_content) values (19, 2, '2022-11-12', '21:43:21', 'Mauris lacinia sapien quis libero. Nullam sit amet turpis elementum ligula vehicula consequat. Morbi a ipsum. Integer a nibh. In quis justo. Maecenas rhoncus aliquam lacus. Morbi quis tortor id nulla ultrices aliquet. Maecenas leo odio, condimentum id, luctus nec, molestie sed, justo.');
insert into Driver_feedback (driver_id, feedback_id, feedback_date, feedback_time, feedback_content) values (66, 3, '2020-10-03', '16:45:31', 'Sed accumsan felis. Ut at dolor quis odio consequat varius. Integer ac leo. Pellentesque ultrices mattis odio.');
insert into Driver_feedback (driver_id, feedback_id, feedback_date, feedback_time, feedback_content) values (34, 4, '2022-02-26', '12:51:42', 'Nullam sit amet turpis elementum ligula vehicula consequat. Morbi a ipsum. Integer a nibh. In quis justo. Maecenas rhoncus aliquam lacus. Morbi quis tortor id nulla ultrices aliquet.');
insert into Driver_feedback (driver_id, feedback_id, feedback_date, feedback_time, feedback_content) values (68, 5, '2021-02-08', '14:15:53', 'id pretium iaculis diam erat fermentum');
insert into Driver_feedback (driver_id, feedback_id, feedback_date, feedback_time, feedback_content) values (81, 6, '2022-04-29', '16:29:20', 'urna pretium nisl ut volutpat');
insert into Driver_feedback (driver_id, feedback_id, feedback_date, feedback_time, feedback_content) values (50, 7, '2022-06-15', '4:35:25', 'libero nam dui proin leo odio porttitor id');
insert into Driver_feedback (driver_id, feedback_id, feedback_date, feedback_time, feedback_content) values (83, 8, '2022-12-13', '15:20:23', 'sollicitudin ut suscipit a feugiat et');
insert into Driver_feedback (driver_id, feedback_id, feedback_date, feedback_time, feedback_content) values (17, 9, '2020-10-17', '15:00:24', 'in faucibus orci luctus et');
insert into Driver_feedback (driver_id, feedback_id, feedback_date, feedback_time, feedback_content) values (24, 10, '2022-05-19', '14:10:25', 'in hac habitasse platea dictumst aliquam augue quam');
insert into Driver_feedback (driver_id, feedback_id, feedback_date, feedback_time, feedback_content) values (78, 11, '2022-09-07', '21:06:48', 'elementum nullam varius nulla facilisi cras');
insert into Driver_feedback (driver_id, feedback_id, feedback_date, feedback_time, feedback_content) values (5, 12, '2022-06-06', '1:44:44', 'vestibulum eget vulputate ut ultrices vel augue');
insert into Driver_feedback (driver_id, feedback_id, feedback_date, feedback_time, feedback_content) values (50, 13, '2020-09-25', '8:09:13', 'vestibulum ac est lacinia nisi');
insert into Driver_feedback (driver_id, feedback_id, feedback_date, feedback_time, feedback_content) values (21, 14, '2022-06-04', '15:32:11', 'mauris vulputate elementum nullam varius nulla facilisi cras');
insert into Driver_feedback (driver_id, feedback_id, feedback_date, feedback_time, feedback_content) values (6, 15, '2022-10-17', '21:28:54', 'consectetuer eget rutrum at lorem integer tincidunt');
insert into Driver_feedback (driver_id, feedback_id, feedback_date, feedback_time, feedback_content) values (59, 16, '2022-11-11', '19:06:54', 'adipiscing elit proin risus praesent lectus vestibulum quam');
insert into Driver_feedback (driver_id, feedback_id, feedback_date, feedback_time, feedback_content) values (27, 17, '2022-05-18', '20:51:16', 'pede justo eu massa donec');
insert into Driver_feedback (driver_id, feedback_id, feedback_date, feedback_time, feedback_content) values (68, 18, '2021-04-02', '2:17:54', 'eu felis fusce posuere felis sed lacus morbi');
insert into Driver_feedback (driver_id, feedback_id, feedback_date, feedback_time, feedback_content) values (49, 19, '2022-08-03', '23:18:02', 'sed accumsan felis ut at dolor quis');
insert into Driver_feedback (driver_id, feedback_id, feedback_date, feedback_time, feedback_content) values (75, 20, '2021-02-06', '23:10:56', 'ante ipsum primis in faucibus');
insert into Driver_feedback (driver_id, feedback_id, feedback_date, feedback_time, feedback_content) values (53, 21, '2022-11-28', '11:12:13', 'volutpat dui maecenas tristique est et tempus semper');
insert into Driver_feedback (driver_id, feedback_id, feedback_date, feedback_time, feedback_content) values (54, 22, '2022-10-10', '17:42:02', 'odio justo sollicitudin ut suscipit');
insert into Driver_feedback (driver_id, feedback_id, feedback_date, feedback_time, feedback_content) values (19, 23, '2020-08-04', '10:29:49', 'amet eleifend pede libero quis');
insert into Driver_feedback (driver_id, feedback_id, feedback_date, feedback_time, feedback_content) values (68, 24, '2021-05-31', '21:19:30', 'vel nulla eget eros elementum pellentesque quisque porta');
insert into Driver_feedback (driver_id, feedback_id, feedback_date, feedback_time, feedback_content) values (32, 25, '2021-12-19', '3:19:55', 'curae donec pharetra magna vestibulum');
insert into Driver_feedback (driver_id, feedback_id, feedback_date, feedback_time, feedback_content) values (73, 26, '2020-04-30', '5:38:49', 'eget semper rutrum nulla nunc');
insert into Driver_feedback (driver_id, feedback_id, feedback_date, feedback_time, feedback_content) values (100, 27, '2022-05-12', '10:56:32', 'tempus sit amet sem fusce');
insert into Driver_feedback (driver_id, feedback_id, feedback_date, feedback_time, feedback_content) values (5, 28, '2022-08-16', '11:52:14', 'cubilia curae nulla dapibus dolor vel');
insert into Driver_feedback (driver_id, feedback_id, feedback_date, feedback_time, feedback_content) values (84, 29, '2020-08-29', '10:30:41', 'nulla facilisi cras non velit nec');
insert into Driver_feedback (driver_id, feedback_id, feedback_date, feedback_time, feedback_content) values (69, 30, '2020-07-17', '19:06:34', 'cubilia curae donec pharetra magna vestibulum aliquet ultrices');
insert into Driver_feedback (driver_id, feedback_id, feedback_date, feedback_time, feedback_content) values (87, 31, '2020-11-09', '0:05:30', 'convallis tortor risus dapibus augue vel accumsan');
insert into Driver_feedback (driver_id, feedback_id, feedback_date, feedback_time, feedback_content) values (80, 32, '2020-06-12', '0:48:57', 'id turpis integer aliquet massa id lobortis');
insert into Driver_feedback (driver_id, feedback_id, feedback_date, feedback_time, feedback_content) values (39, 33, '2022-08-20', '6:47:08', 'nibh ligula nec sem duis');
insert into Driver_feedback (driver_id, feedback_id, feedback_date, feedback_time, feedback_content) values (51, 34, '2020-03-27', '5:19:02', 'pellentesque eget nunc donec quis orci');
insert into Driver_feedback (driver_id, feedback_id, feedback_date, feedback_time, feedback_content) values (70, 35, '2021-02-16', '23:15:01', 'amet diam in magna bibendum imperdiet nullam');
insert into Driver_feedback (driver_id, feedback_id, feedback_date, feedback_time, feedback_content) values (11, 36, '2022-07-01', '4:26:43', 'mattis egestas metus aenean fermentum');
insert into Driver_feedback (driver_id, feedback_id, feedback_date, feedback_time, feedback_content) values (40, 37, '2020-08-12', '21:59:42', 'erat fermentum justo nec condimentum neque sapien placerat');
insert into Driver_feedback (driver_id, feedback_id, feedback_date, feedback_time, feedback_content) values (15, 38, '2022-03-17', '10:24:34', 'orci luctus et ultrices posuere cubilia');
insert into Driver_feedback (driver_id, feedback_id, feedback_date, feedback_time, feedback_content) values (91, 39, '2022-07-31', '3:23:09', 'arcu libero rutrum ac lobortis vel');
insert into Driver_feedback (driver_id, feedback_id, feedback_date, feedback_time, feedback_content) values (1, 40, '2021-03-05', '20:00:39', 'justo sollicitudin ut suscipit a feugiat');
insert into Driver_feedback (driver_id, feedback_id, feedback_date, feedback_time, feedback_content) values (22, 41, '2020-05-27', '1:45:44', 'parturient montes nascetur ridiculus mus vivamus');
insert into Driver_feedback (driver_id, feedback_id, feedback_date, feedback_time, feedback_content) values (34, 42, '2022-04-16', '1:44:15', 'tortor risus dapibus augue vel accumsan tellus');
insert into Driver_feedback (driver_id, feedback_id, feedback_date, feedback_time, feedback_content) values (99, 43, '2022-10-09', '11:54:24', 'pede venenatis non sodales sed tincidunt eu');
insert into Driver_feedback (driver_id, feedback_id, feedback_date, feedback_time, feedback_content) values (58, 44, '2020-05-25', '17:14:23', 'tempus sit amet sem fusce consequat nulla');
insert into Driver_feedback (driver_id, feedback_id, feedback_date, feedback_time, feedback_content) values (36, 45, '2021-09-18', '1:26:41', 'maecenas pulvinar lobortis est phasellus');
insert into Driver_feedback (driver_id, feedback_id, feedback_date, feedback_time, feedback_content) values (64, 46, '2022-03-29', '22:20:50', 'turpis sed ante vivamus tortor duis mattis');
insert into Driver_feedback (driver_id, feedback_id, feedback_date, feedback_time, feedback_content) values (26, 47, '2021-01-27', '23:34:16', 'adipiscing lorem vitae mattis nibh ligula nec sem');
insert into Driver_feedback (driver_id, feedback_id, feedback_date, feedback_time, feedback_content) values (4, 48, '2020-04-18', '2:02:56', 'phasellus id sapien in sapien iaculis');
insert into Driver_feedback (driver_id, feedback_id, feedback_date, feedback_time, feedback_content) values (56, 49, '2022-09-15', '20:27:48', 'vehicula consequat morbi a ipsum');
insert into Driver_feedback (driver_id, feedback_id, feedback_date, feedback_time, feedback_content) values (92, 50, '2020-05-29', '11:40:20', 'ut at dolor quis odio consequat varius');
insert into Driver_feedback (driver_id, feedback_id, feedback_date, feedback_time, feedback_content) values (41, 51, '2021-03-26', '2:56:25', 'interdum eu tincidunt in leo maecenas');
insert into Driver_feedback (driver_id, feedback_id, feedback_date, feedback_time, feedback_content) values (71, 52, '2022-01-31', '3:15:17', 'dolor sit amet consectetuer adipiscing elit proin');
insert into Driver_feedback (driver_id, feedback_id, feedback_date, feedback_time, feedback_content) values (31, 53, '2021-02-04', '13:37:57', 'platea dictumst etiam faucibus cursus urna ut');
insert into Driver_feedback (driver_id, feedback_id, feedback_date, feedback_time, feedback_content) values (53, 54, '2021-05-27', '22:33:52', 'justo nec condimentum neque sapien placerat ante nulla');
insert into Driver_feedback (driver_id, feedback_id, feedback_date, feedback_time, feedback_content) values (94, 55, '2021-03-22', '5:30:53', 'parturient montes nascetur ridiculus mus etiam vel');
insert into Driver_feedback (driver_id, feedback_id, feedback_date, feedback_time, feedback_content) values (9, 56, '2022-03-28', '15:22:03', 'nisi eu orci mauris lacinia sapien quis');
insert into Driver_feedback (driver_id, feedback_id, feedback_date, feedback_time, feedback_content) values (21, 57, '2021-08-03', '22:11:22', 'pede justo lacinia eget tincidunt eget tempus');
insert into Driver_feedback (driver_id, feedback_id, feedback_date, feedback_time, feedback_content) values (13, 58, '2020-12-07', '20:16:59', 'posuere cubilia curae nulla dapibus dolor vel');
insert into Driver_feedback (driver_id, feedback_id, feedback_date, feedback_time, feedback_content) values (28, 59, '2022-02-06', '22:11:09', 'etiam justo etiam pretium iaculis justo in');
insert into Driver_feedback (driver_id, feedback_id, feedback_date, feedback_time, feedback_content) values (89, 60, '2022-04-14', '18:02:10', 'mauris viverra diam vitae quam');
insert into Driver_feedback (driver_id, feedback_id, feedback_date, feedback_time, feedback_content) values (54, 61, '2022-08-11', '15:13:42', 'in imperdiet et commodo vulputate');
insert into Driver_feedback (driver_id, feedback_id, feedback_date, feedback_time, feedback_content) values (64, 62, '2020-02-21', '10:57:12', 'dis parturient montes nascetur ridiculus mus');
insert into Driver_feedback (driver_id, feedback_id, feedback_date, feedback_time, feedback_content) values (19, 63, '2022-06-12', '9:38:07', 'mauris ullamcorper purus sit amet');
insert into Driver_feedback (driver_id, feedback_id, feedback_date, feedback_time, feedback_content) values (55, 64, '2021-01-12', '9:11:16', 'vestibulum sed magna at nunc commodo placerat praesent');
insert into Driver_feedback (driver_id, feedback_id, feedback_date, feedback_time, feedback_content) values (48, 65, '2022-09-10', '20:42:10', 'donec posuere metus vitae ipsum aliquam non mauris');
insert into Driver_feedback (driver_id, feedback_id, feedback_date, feedback_time, feedback_content) values (68, 66, '2022-03-19', '23:54:14', 'mauris sit amet eros suspendisse accumsan');
insert into Driver_feedback (driver_id, feedback_id, feedback_date, feedback_time, feedback_content) values (11, 67, '2021-09-06', '14:36:21', 'posuere nonummy integer non velit');
insert into Driver_feedback (driver_id, feedback_id, feedback_date, feedback_time, feedback_content) values (38, 68, '2021-12-02', '7:26:47', 'semper interdum mauris ullamcorper purus sit');
insert into Driver_feedback (driver_id, feedback_id, feedback_date, feedback_time, feedback_content) values (35, 69, '2021-02-26', '17:27:46', 'posuere metus vitae ipsum aliquam non mauris morbi');
insert into Driver_feedback (driver_id, feedback_id, feedback_date, feedback_time, feedback_content) values (49, 70, '2022-06-30', '22:41:51', 'non ligula pellentesque ultrices phasellus id');
insert into Driver_feedback (driver_id, feedback_id, feedback_date, feedback_time, feedback_content) values (59, 71, '2020-12-04', '7:33:57', 'mi pede malesuada in imperdiet et');
insert into Driver_feedback (driver_id, feedback_id, feedback_date, feedback_time, feedback_content) values (51, 72, '2021-08-25', '12:45:35', 'vestibulum proin eu mi nulla ac enim');
insert into Driver_feedback (driver_id, feedback_id, feedback_date, feedback_time, feedback_content) values (12, 73, '2022-12-08', '0:07:46', 'pede ac diam cras pellentesque volutpat dui maecenas');
insert into Driver_feedback (driver_id, feedback_id, feedback_date, feedback_time, feedback_content) values (26, 74, '2020-06-09', '0:47:27', 'amet eros suspendisse accumsan tortor quis');
insert into Driver_feedback (driver_id, feedback_id, feedback_date, feedback_time, feedback_content) values (54, 75, '2021-07-03', '9:56:27', 'vitae quam suspendisse potenti nullam porttitor');
insert into Driver_feedback (driver_id, feedback_id, feedback_date, feedback_time, feedback_content) values (19, 76, '2022-07-29', '22:04:09', 'quis turpis eget elit sodales');
insert into Driver_feedback (driver_id, feedback_id, feedback_date, feedback_time, feedback_content) values (42, 77, '2021-06-19', '4:02:59', 'phasellus id sapien in sapien iaculis');
insert into Driver_feedback (driver_id, feedback_id, feedback_date, feedback_time, feedback_content) values (41, 78, '2020-05-31', '2:06:18', 'odio cras mi pede malesuada');
insert into Driver_feedback (driver_id, feedback_id, feedback_date, feedback_time, feedback_content) values (30, 79, '2020-05-16', '23:52:32', 'sem mauris laoreet ut rhoncus aliquet pulvinar');
insert into Driver_feedback (driver_id, feedback_id, feedback_date, feedback_time, feedback_content) values (39, 80, '2021-04-19', '7:16:57', 'consectetuer eget rutrum at lorem integer');
insert into Driver_feedback (driver_id, feedback_id, feedback_date, feedback_time, feedback_content) values (2, 81, '2022-04-08', '0:25:29', 'luctus rutrum nulla tellus in sagittis');
insert into Driver_feedback (driver_id, feedback_id, feedback_date, feedback_time, feedback_content) values (24, 82, '2022-05-22', '1:32:31', 'rutrum neque aenean auctor gravida sem praesent id');
insert into Driver_feedback (driver_id, feedback_id, feedback_date, feedback_time, feedback_content) values (22, 83, '2020-04-18', '13:53:07', 'vivamus tortor duis mattis egestas metus');
insert into Driver_feedback (driver_id, feedback_id, feedback_date, feedback_time, feedback_content) values (26, 84, '2021-12-28', '1:25:20', 'sagittis dui vel nisl duis');
insert into Driver_feedback (driver_id, feedback_id, feedback_date, feedback_time, feedback_content) values (90, 85, '2021-10-03', '14:26:00', 'in hac habitasse platea dictumst');
insert into Driver_feedback (driver_id, feedback_id, feedback_date, feedback_time, feedback_content) values (94, 86, '2021-09-12', '0:12:07', 'duis mattis egestas metus aenean fermentum');
insert into Driver_feedback (driver_id, feedback_id, feedback_date, feedback_time, feedback_content) values (23, 87, '2020-11-18', '22:41:13', 'id consequat in consequat ut nulla');
insert into Driver_feedback (driver_id, feedback_id, feedback_date, feedback_time, feedback_content) values (34, 88, '2020-09-15', '23:13:32', 'ultrices vel augue vestibulum ante');
insert into Driver_feedback (driver_id, feedback_id, feedback_date, feedback_time, feedback_content) values (72, 89, '2021-06-02', '19:17:53', 'mauris viverra diam vitae quam suspendisse');
insert into Driver_feedback (driver_id, feedback_id, feedback_date, feedback_time, feedback_content) values (8, 90, '2020-11-01', '9:56:21', 'vulputate nonummy maecenas tincidunt lacus at velit');
insert into Driver_feedback (driver_id, feedback_id, feedback_date, feedback_time, feedback_content) values (94, 91, '2022-07-11', '22:19:09', 'justo sit amet sapien dignissim vestibulum');
insert into Driver_feedback (driver_id, feedback_id, feedback_date, feedback_time, feedback_content) values (91, 92, '2020-10-16', '21:55:20', 'ipsum dolor sit amet consectetuer adipiscing');
insert into Driver_feedback (driver_id, feedback_id, feedback_date, feedback_time, feedback_content) values (14, 93, '2021-06-15', '21:49:21', 'diam id ornare imperdiet sapien urna pretium');
insert into Driver_feedback (driver_id, feedback_id, feedback_date, feedback_time, feedback_content) values (24, 94, '2020-07-31', '23:09:47', 'lacinia erat vestibulum sed magna at nunc');
insert into Driver_feedback (driver_id, feedback_id, feedback_date, feedback_time, feedback_content) values (62, 95, '2020-07-03', '9:27:44', 'elementum ligula vehicula consequat morbi a');
insert into Driver_feedback (driver_id, feedback_id, feedback_date, feedback_time, feedback_content) values (72, 96, '2020-06-02', '7:09:54', 'donec vitae nisi nam ultrices libero');
insert into Driver_feedback (driver_id, feedback_id, feedback_date, feedback_time, feedback_content) values (37, 97, '2021-04-17', '4:43:38', 'nulla facilisi cras non velit');
insert into Driver_feedback (driver_id, feedback_id, feedback_date, feedback_time, feedback_content) values (100, 98, '2022-12-13', '8:33:47', 'non velit nec nisi vulputate nonummy maecenas');
insert into Driver_feedback (driver_id, feedback_id, feedback_date, feedback_time, feedback_content) values (50, 99, '2022-05-15', '5:34:39', 'a pede posuere nonummy integer');
insert into Driver_feedback (driver_id, feedback_id, feedback_date, feedback_time, feedback_content) values (43, 100, '2020-04-13', '12:16:51', 'amet eleifend pede libero quis orci nullam molestie');


-- table customer

insert into Customer (customer_id, fname, lname, email_id, c_password, dob, haddr_str_no, haddr_str_name, haddr_city, haddr_state, waddr_str_no, waddr_str_name, waddr_city, waddr_state, membership_id, rent_id, admin_id) values (1, 'Evonne', 'Fitt', 'efitt0@google.ru', 'ifvwKSE4', '2022-05-06', '02', 'Bultman', 'Tucson', 'Arizona', '4744', 'Dwight', 'New York City', 'New York', 1, null, 62);
insert into Customer (customer_id, fname, lname, email_id, c_password, dob, haddr_str_no, haddr_str_name, haddr_city, haddr_state, waddr_str_no, waddr_str_name, waddr_city, waddr_state, membership_id, rent_id, admin_id) values (2, 'Jessey', 'Austick', 'jaustick1@nature.com', 'Ykpv4bi', '2022-10-19', '19', 'Loeprich', 'Arlington', 'Texas', '64', 'Hooker', 'El Paso', 'Texas', 2, null, 35);
insert into Customer (customer_id, fname, lname, email_id, c_password, dob, haddr_str_no, haddr_str_name, haddr_city, haddr_state, waddr_str_no, waddr_str_name, waddr_city, waddr_state, membership_id, rent_id, admin_id) values (3, 'Jerald', 'Harroll', 'jharroll2@stanford.edu', 'spvY9mdC', '2022-04-27', '2', 'Crescent Oaks', 'Minneapolis', 'Minnesota', '08676', 'Ruskin', 'Des Moines', 'Iowa', 3, null, 51);
insert into Customer (customer_id, fname, lname, email_id, c_password, dob, haddr_str_no, haddr_str_name, haddr_city, haddr_state, waddr_str_no, waddr_str_name, waddr_city, waddr_state, membership_id, rent_id, admin_id) values (4, 'Tarra', 'Tivnan', 'ttivnan3@ed.gov', 'jkRPTg7hmAE', '2022-09-07', '645', '6th', 'Washington', 'District of Columbia', '6806', 'Bayside', 'Hartford', 'Connecticut', 4, null, 34);
insert into Customer (customer_id, fname, lname, email_id, c_password, dob, haddr_str_no, haddr_str_name, haddr_city, haddr_state, waddr_str_no, waddr_str_name, waddr_city, waddr_state, membership_id, rent_id, admin_id) values (5, 'Giana', 'Broomhead', 'gbroomhead4@tumblr.com', 'muq8VuWL5', '2022-09-21', '199', 'Luster', 'Worcester', 'Massachusetts', '74749', 'Granby', 'Staten Island', 'New York', 5, null, 38);
insert into Customer (customer_id, fname, lname, email_id, c_password, dob, haddr_str_no, haddr_str_name, haddr_city, haddr_state, waddr_str_no, waddr_str_name, waddr_city, waddr_state, membership_id, rent_id, admin_id) values (6, 'Emalee', 'Stroton', 'estroton5@samsung.com', 'uENW7F8', '2022-09-08', '3807', 'Vahlen', 'New Brunswick', 'New Jersey', '3303', '4th', 'Oklahoma City', 'Oklahoma', 6, null, 21);
insert into Customer (customer_id, fname, lname, email_id, c_password, dob, haddr_str_no, haddr_str_name, haddr_city, haddr_state, waddr_str_no, waddr_str_name, waddr_city, waddr_state, membership_id, rent_id, admin_id) values (7, 'Sandy', 'Crossfeld', 'scrossfeld6@hubpages.com', 'TwsvW3v7Pza', '2022-04-23', '94', 'Cambridge', 'Alhambra', 'California', '906', '1st', 'Utica', 'New York', 7, null, 28);
insert into Customer (customer_id, fname, lname, email_id, c_password, dob, haddr_str_no, haddr_str_name, haddr_city, haddr_state, waddr_str_no, waddr_str_name, waddr_city, waddr_state, membership_id, rent_id, admin_id) values (8, 'Fina', 'Dawidowsky', 'fdawidowsky7@imageshack.us', 'BaksrTvZ', '2022-05-23', '4', 'Dennis', 'Anaheim', 'California', '6', 'Pine View', 'Hartford', 'Connecticut', 8, null, 56);
insert into Customer (customer_id, fname, lname, email_id, c_password, dob, haddr_str_no, haddr_str_name, haddr_city, haddr_state, waddr_str_no, waddr_str_name, waddr_city, waddr_state, membership_id, rent_id, admin_id) values (9, 'Rochell', 'Gorbell', 'rgorbell8@trellian.com', '86TJKTYa4GXb', '2022-10-05', '5423', 'Golf', 'Stockton', 'California', '5456', 'Dapin', 'Johnson City', 'Tennessee', 9, null, 25);
insert into Customer (customer_id, fname, lname, email_id, c_password, dob, haddr_str_no, haddr_str_name, haddr_city, haddr_state, waddr_str_no, waddr_str_name, waddr_city, waddr_state, membership_id, rent_id, admin_id) values (10, 'Ethyl', 'Lamboll', 'elamboll9@census.gov', 'xdIQ62tpT', '2022-11-29', '78326', 'Scofield', 'Orlando', 'Florida', '7', 'East', 'Minneapolis', 'Minnesota', 10, null, 21);
insert into Customer (customer_id, fname, lname, email_id, c_password, dob, haddr_str_no, haddr_str_name, haddr_city, haddr_state, waddr_str_no, waddr_str_name, waddr_city, waddr_state, membership_id, rent_id, admin_id) values (11, 'Myer', 'Bayston', 'mbaystona@ebay.com', 'kXCze7f', '2022-09-08', '23', 'Erie', 'Albuquerque', 'New Mexico', '819', 'Bartelt', 'Los Angeles', 'California', 11, null, 12);
insert into Customer (customer_id, fname, lname, email_id, c_password, dob, haddr_str_no, haddr_str_name, haddr_city, haddr_state, waddr_str_no, waddr_str_name, waddr_city, waddr_state, membership_id, rent_id, admin_id) values (12, 'Coretta', 'Fluck', 'cfluckb@ovh.net', 'Q44HBeSdF6UM', '2022-04-05', '757', 'Summer Ridge', 'Des Moines', 'Iowa', '458', 'Crescent Oaks', 'Little Rock', 'Arkansas', 12, null, 4);
insert into Customer (customer_id, fname, lname, email_id, c_password, dob, haddr_str_no, haddr_str_name, haddr_city, haddr_state, waddr_str_no, waddr_str_name, waddr_city, waddr_state, membership_id, rent_id, admin_id) values (13, 'Shae', 'Wateridge', 'swateridgec@whitehouse.gov', 'gLk8AlM1YWVL', '2023-01-24', '97073', 'Steensland', 'Houston', 'Texas', '42', 'Fordem', 'Henderson', 'Nevada', 13, null, 63);
insert into Customer (customer_id, fname, lname, email_id, c_password, dob, haddr_str_no, haddr_str_name, haddr_city, haddr_state, waddr_str_no, waddr_str_name, waddr_city, waddr_state, membership_id, rent_id, admin_id) values (14, 'Jayme', 'Borg', 'jborgd@discovery.com', 'wz1qyp7', '2022-12-30', '5', 'Norway Maple', 'Lubbock', 'Texas', '43', 'Summit', 'Dearborn', 'Michigan', 14, null, 33);
insert into Customer (customer_id, fname, lname, email_id, c_password, dob, haddr_str_no, haddr_str_name, haddr_city, haddr_state, waddr_str_no, waddr_str_name, waddr_city, waddr_state, membership_id, rent_id, admin_id) values (15, 'Phyllys', 'Ager', 'pagere@ca.gov', '82O44PwitB2', '2022-08-16', '6', 'Merchant', 'Springfield', 'Massachusetts', '9', 'Evergreen', 'Birmingham', 'Alabama', 15, null, 19);
insert into Customer (customer_id, fname, lname, email_id, c_password, dob, haddr_str_no, haddr_str_name, haddr_city, haddr_state, waddr_str_no, waddr_str_name, waddr_city, waddr_state, membership_id, rent_id, admin_id) values (16, 'Finlay', 'Prescote', 'fprescotef@netscape.com', '4n82f3', '2022-12-28', '0535', 'Texas', 'Long Beach', 'California', '11770', 'Rieder', 'Orlando', 'Florida', 16, null, 48);
insert into Customer (customer_id, fname, lname, email_id, c_password, dob, haddr_str_no, haddr_str_name, haddr_city, haddr_state, waddr_str_no, waddr_str_name, waddr_city, waddr_state, membership_id, rent_id, admin_id) values (17, 'Gardner', 'Hallut', 'ghallutg@dmoz.org', 'fAHBVPOceQ', '2022-03-26', '3076', 'Hanover', 'Las Vegas', 'Nevada', '8', 'Twin Pines', 'Columbus', 'Ohio', 17, null, 36);
insert into Customer (customer_id, fname, lname, email_id, c_password, dob, haddr_str_no, haddr_str_name, haddr_city, haddr_state, waddr_str_no, waddr_str_name, waddr_city, waddr_state, membership_id, rent_id, admin_id) values (18, 'Loralee', 'Buttery', 'lbutteryh@google.com.au', 'RebXfm', '2022-08-31', '1980', 'Anniversary', 'Houston', 'Texas', '274', 'Dixon', 'Norfolk', 'Virginia', 18, null, 39);
insert into Customer (customer_id, fname, lname, email_id, c_password, dob, haddr_str_no, haddr_str_name, haddr_city, haddr_state, waddr_str_no, waddr_str_name, waddr_city, waddr_state, membership_id, rent_id, admin_id) values (19, 'Norby', 'Barnes', 'nbarnesi@earthlink.net', 'SgT2UZ6', '2022-05-05', '8829', 'Spenser', 'Cumming', 'Georgia', '0582', 'Wayridge', 'Atlanta', 'Georgia', 19, null, 21);
insert into Customer (customer_id, fname, lname, email_id, c_password, dob, haddr_str_no, haddr_str_name, haddr_city, haddr_state, waddr_str_no, waddr_str_name, waddr_city, waddr_state, membership_id, rent_id, admin_id) values (20, 'Taddeo', 'Artharg', 'tarthargj@skype.com', 'kbOsrjYZ7', '2022-08-31', '778', 'Fordem', 'Santa Cruz', 'California', '24726', 'Almo', 'Colorado Springs', 'Colorado', 20, null, 33);
insert into Customer (customer_id, fname, lname, email_id, c_password, dob, haddr_str_no, haddr_str_name, haddr_city, haddr_state, waddr_str_no, waddr_str_name, waddr_city, waddr_state, membership_id, rent_id, admin_id) values (21, 'Maurie', 'Poulgreen', 'mpoulgreenk@netscape.com', 'sMDDxYsOzc', '2022-10-10', '867', 'Laurel', 'Dallas', 'Texas', '84064', 'Dakota', 'Concord', 'California', 21, null, 32);
insert into Customer (customer_id, fname, lname, email_id, c_password, dob, haddr_str_no, haddr_str_name, haddr_city, haddr_state, waddr_str_no, waddr_str_name, waddr_city, waddr_state, membership_id, rent_id, admin_id) values (22, 'Ingunna', 'Van Hesteren', 'ivanhesterenl@shinystat.com', '77xeK1PDvh7', '2022-07-05', '47716', 'Hoard', 'Pasadena', 'California', '50', 'Golden Leaf', 'Santa Barbara', 'California', 22, null, 65);
insert into Customer (customer_id, fname, lname, email_id, c_password, dob, haddr_str_no, haddr_str_name, haddr_city, haddr_state, waddr_str_no, waddr_str_name, waddr_city, waddr_state, membership_id, rent_id, admin_id) values (23, 'Blayne', 'Hammant', 'bhammantm@xinhuanet.com', 'i8qBtTb', '2022-03-19', '706', 'Lien', 'New Brunswick', 'New Jersey', '0256', 'Summit', 'Philadelphia', 'Pennsylvania', 23, null, 27);
insert into Customer (customer_id, fname, lname, email_id, c_password, dob, haddr_str_no, haddr_str_name, haddr_city, haddr_state, waddr_str_no, waddr_str_name, waddr_city, waddr_state, membership_id, rent_id, admin_id) values (24, 'Piggy', 'Breslane', 'pbreslanen@hud.gov', '9qI0b8', '2022-10-01', '01808', 'Stang', 'Irvine', 'California', '770', 'Mariners Cove', 'Clearwater', 'Florida', 24, null, 10);
insert into Customer (customer_id, fname, lname, email_id, c_password, dob, haddr_str_no, haddr_str_name, haddr_city, haddr_state, waddr_str_no, waddr_str_name, waddr_city, waddr_state, membership_id, rent_id, admin_id) values (25, 'Randene', 'Annice', 'ranniceo@pcworld.com', '5isIUCvYEVor', '2022-03-23', '820', '3rd', 'Virginia Beach', 'Virginia', '12', 'Ilene', 'Fort Worth', 'Texas', 25, null, 22);
insert into Customer (customer_id, fname, lname, email_id, c_password, dob, haddr_str_no, haddr_str_name, haddr_city, haddr_state, waddr_str_no, waddr_str_name, waddr_city, waddr_state, membership_id, rent_id, admin_id) values (26, 'Nicolai', 'Comizzoli', 'ncomizzolip@comsenz.com', 'a79BpF', '2022-02-24', '15406', 'Southridge', 'Louisville', 'Kentucky', '8683', 'Melby', 'Saint Cloud', 'Minnesota', 26, null, 53);
insert into Customer (customer_id, fname, lname, email_id, c_password, dob, haddr_str_no, haddr_str_name, haddr_city, haddr_state, waddr_str_no, waddr_str_name, waddr_city, waddr_state, membership_id, rent_id, admin_id) values (27, 'Godart', 'Tomkys', 'gtomkysq@columbia.edu', 'ECH7xF', '2022-05-11', '6628', 'Luster', 'Huntington', 'West Virginia', '702', 'Lukken', 'New Orleans', 'Louisiana', 27, null, 65);
insert into Customer (customer_id, fname, lname, email_id, c_password, dob, haddr_str_no, haddr_str_name, haddr_city, haddr_state, waddr_str_no, waddr_str_name, waddr_city, waddr_state, membership_id, rent_id, admin_id) values (28, 'Merwyn', 'Cabotto', 'mcabottor@fema.gov', 'jwknYL2ZGy', '2022-12-31', '61418', 'Hoffman', 'Louisville', 'Kentucky', '3134', 'Division', 'Seattle', 'Washington', 28, null, 52);
insert into Customer (customer_id, fname, lname, email_id, c_password, dob, haddr_str_no, haddr_str_name, haddr_city, haddr_state, waddr_str_no, waddr_str_name, waddr_city, waddr_state, membership_id, rent_id, admin_id) values (29, 'Phedra', 'Dunseith', 'pdunseiths@fema.gov', 'EcpkhcNDuD', '2022-11-29', '72102', 'Riverside', 'Baton Rouge', 'Louisiana', '43', 'Darwin', 'Stamford', 'Connecticut', 29, null, 30);
insert into Customer (customer_id, fname, lname, email_id, c_password, dob, haddr_str_no, haddr_str_name, haddr_city, haddr_state, waddr_str_no, waddr_str_name, waddr_city, waddr_state, membership_id, rent_id, admin_id) values (30, 'Margareta', 'Dublin', 'mdublint@surveymonkey.com', 'B34vrb02Clk', '2022-10-06', '12', '4th', 'Sioux Falls', 'South Dakota', '80', 'Briar Crest', 'Norfolk', 'Virginia', 30, null, 35);
insert into Customer (customer_id, fname, lname, email_id, c_password, dob, haddr_str_no, haddr_str_name, haddr_city, haddr_state, waddr_str_no, waddr_str_name, waddr_city, waddr_state, membership_id, rent_id, admin_id) values (31, 'Adham', 'Kenderdine', 'akenderdineu@cnn.com', 'MpuvEE', '2023-02-01', '9013', 'Westridge', 'New York City', 'New York', '350', 'Butterfield', 'Oklahoma City', 'Oklahoma', 31, null, 13);
insert into Customer (customer_id, fname, lname, email_id, c_password, dob, haddr_str_no, haddr_str_name, haddr_city, haddr_state, waddr_str_no, waddr_str_name, waddr_city, waddr_state, membership_id, rent_id, admin_id) values (32, 'Blanch', 'Creeber', 'bcreeberv@51.la', 'RSRSBowBx5t', '2022-08-18', '3', 'Corry', 'North Hollywood', 'California', '6', 'Jenifer', 'New York City', 'New York', 32, null, 4);
insert into Customer (customer_id, fname, lname, email_id, c_password, dob, haddr_str_no, haddr_str_name, haddr_city, haddr_state, waddr_str_no, waddr_str_name, waddr_city, waddr_state, membership_id, rent_id, admin_id) values (33, 'Valeria', 'Hanny', 'vhannyw@engadget.com', '0N4gXtsLI', '2022-03-24', '0', 'Mosinee', 'Huntington', 'West Virginia', '10941', 'Clarendon', 'Wichita Falls', 'Texas', 33, null, 15);
insert into Customer (customer_id, fname, lname, email_id, c_password, dob, haddr_str_no, haddr_str_name, haddr_city, haddr_state, waddr_str_no, waddr_str_name, waddr_city, waddr_state, membership_id, rent_id, admin_id) values (34, 'Norma', 'Langstone', 'nlangstonex@joomla.org', 'hdp4wLTwi', '2022-05-10', '08', 'Gale', 'Shreveport', 'Louisiana', '1', 'Clarendon', 'Portland', 'Oregon', 34, null, 16);
insert into Customer (customer_id, fname, lname, email_id, c_password, dob, haddr_str_no, haddr_str_name, haddr_city, haddr_state, waddr_str_no, waddr_str_name, waddr_city, waddr_state, membership_id, rent_id, admin_id) values (35, 'Almeria', 'Krzyzanowski', 'akrzyzanowskiy@google.com.au', '3MyohTs', '2022-03-27', '4', 'Susan', 'Garland', 'Texas', '5', '4th', 'Lake Charles', 'Louisiana', 35, null, 13);
insert into Customer (customer_id, fname, lname, email_id, c_password, dob, haddr_str_no, haddr_str_name, haddr_city, haddr_state, waddr_str_no, waddr_str_name, waddr_city, waddr_state, membership_id, rent_id, admin_id) values (36, 'Rosalyn', 'Bricklebank', 'rbricklebankz@discuz.net', 'HSnkrU1', '2022-12-11', '16', 'Morning', 'Tyler', 'Texas', '8', 'Dovetail', 'New Haven', 'Connecticut', 36, null, 27);
insert into Customer (customer_id, fname, lname, email_id, c_password, dob, haddr_str_no, haddr_str_name, haddr_city, haddr_state, waddr_str_no, waddr_str_name, waddr_city, waddr_state, membership_id, rent_id, admin_id) values (37, 'Tarrah', 'Mawtus', 'tmawtus10@usgs.gov', 'mjX3w6', '2022-07-20', '7971', 'Bunting', 'Springfield', 'Massachusetts', '88263', 'Canary', 'Houston', 'Texas', 37, null, 46);
insert into Customer (customer_id, fname, lname, email_id, c_password, dob, haddr_str_no, haddr_str_name, haddr_city, haddr_state, waddr_str_no, waddr_str_name, waddr_city, waddr_state, membership_id, rent_id, admin_id) values (38, 'Mada', 'Woolcocks', 'mwoolcocks11@sciencedirect.com', 'uphzot2wBov', '2022-03-25', '39', 'Elgar', 'Buffalo', 'New York', '3910', 'Roxbury', 'West Hartford', 'Connecticut', 38, null, 46);
insert into Customer (customer_id, fname, lname, email_id, c_password, dob, haddr_str_no, haddr_str_name, haddr_city, haddr_state, waddr_str_no, waddr_str_name, waddr_city, waddr_state, membership_id, rent_id, admin_id) values (39, 'Winni', 'Turnock', 'wturnock12@lycos.com', '7ydu9PuE2Ks', '2022-10-04', '4444', 'Bartillon', 'Tampa', 'Florida', '092', 'Jackson', 'Jacksonville', 'Florida', 39, null, 4);
insert into Customer (customer_id, fname, lname, email_id, c_password, dob, haddr_str_no, haddr_str_name, haddr_city, haddr_state, waddr_str_no, waddr_str_name, waddr_city, waddr_state, membership_id, rent_id, admin_id) values (40, 'Niki', 'Tippell', 'ntippell13@themeforest.net', 'eomOEgq', '2022-09-07', '194', 'Westerfield', 'Tuscaloosa', 'Alabama', '8208', 'Grasskamp', 'Naperville', 'Illinois', 40, null, 36);
insert into Customer (customer_id, fname, lname, email_id, c_password, dob, haddr_str_no, haddr_str_name, haddr_city, haddr_state, waddr_str_no, waddr_str_name, waddr_city, waddr_state, membership_id, rent_id, admin_id) values (41, 'Haslett', 'de la Tremoille', 'hdelatremoille14@gov.uk', 'Lti0bPeIh', '2022-05-20', '114', 'Kings', 'Los Angeles', 'California', '59', 'Westerfield', 'El Paso', 'Texas', 41, null, 35);
insert into Customer (customer_id, fname, lname, email_id, c_password, dob, haddr_str_no, haddr_str_name, haddr_city, haddr_state, waddr_str_no, waddr_str_name, waddr_city, waddr_state, membership_id, rent_id, admin_id) values (42, 'Nicol', 'Bourdice', 'nbourdice15@studiopress.com', 'ai0J5gne4yEI', '2022-06-10', '51', 'Maple', 'Charlotte', 'North Carolina', '17015', 'Texas', 'Phoenix', 'Arizona', 42, null, 10);
insert into Customer (customer_id, fname, lname, email_id, c_password, dob, haddr_str_no, haddr_str_name, haddr_city, haddr_state, waddr_str_no, waddr_str_name, waddr_city, waddr_state, membership_id, rent_id, admin_id) values (43, 'Suzanna', 'Perfect', 'sperfect16@multiply.com', '5ahaGYP', '2022-03-22', '51', 'Jana', 'San Diego', 'California', '959', 'La Follette', 'Port Charlotte', 'Florida', 43, null, 62);
insert into Customer (customer_id, fname, lname, email_id, c_password, dob, haddr_str_no, haddr_str_name, haddr_city, haddr_state, waddr_str_no, waddr_str_name, waddr_city, waddr_state, membership_id, rent_id, admin_id) values (44, 'Nancy', 'Roddy', 'nroddy17@w3.org', 'rP6LDkyjz', '2022-03-06', '1', 'Cherokee', 'Carson City', 'Nevada', '4', 'Caliangt', 'Des Moines', 'Iowa', 44, null, 61);
insert into Customer (customer_id, fname, lname, email_id, c_password, dob, haddr_str_no, haddr_str_name, haddr_city, haddr_state, waddr_str_no, waddr_str_name, waddr_city, waddr_state, membership_id, rent_id, admin_id) values (45, 'Jany', 'Avrahm', 'javrahm18@home.pl', 'ePVuGxyJEg', '2022-10-17', '6', 'Ludington', 'Charlotte', 'North Carolina', '1623', 'Amoth', 'Flint', 'Michigan', 45, null, 28);
insert into Customer (customer_id, fname, lname, email_id, c_password, dob, haddr_str_no, haddr_str_name, haddr_city, haddr_state, waddr_str_no, waddr_str_name, waddr_city, waddr_state, membership_id, rent_id, admin_id) values (46, 'Cosetta', 'Cescoti', 'ccescoti19@senate.gov', 'jM1ECDP3W1SS', '2022-06-01', '10726', 'Bunting', 'San Diego', 'California', '27949', 'Grim', 'Raleigh', 'North Carolina', 46, null, 39);
insert into Customer (customer_id, fname, lname, email_id, c_password, dob, haddr_str_no, haddr_str_name, haddr_city, haddr_state, waddr_str_no, waddr_str_name, waddr_city, waddr_state, membership_id, rent_id, admin_id) values (47, 'Karilynn', 'Morhall', 'kmorhall1a@pagesperso-orange.fr', 'dckFtJ0m6n', '2022-04-19', '78915', 'Derek', 'Fort Wayne', 'Indiana', '47', 'Thackeray', 'Phoenix', 'Arizona', 47, null, 7);
insert into Customer (customer_id, fname, lname, email_id, c_password, dob, haddr_str_no, haddr_str_name, haddr_city, haddr_state, waddr_str_no, waddr_str_name, waddr_city, waddr_state, membership_id, rent_id, admin_id) values (48, 'Arlan', 'Aspling', 'aaspling1b@alibaba.com', '3wKJcXrT', '2023-01-11', '82982', 'Brown', 'Charleston', 'West Virginia', '66', 'Burrows', 'Suffolk', 'Virginia', 48, null, 38);
insert into Customer (customer_id, fname, lname, email_id, c_password, dob, haddr_str_no, haddr_str_name, haddr_city, haddr_state, waddr_str_no, waddr_str_name, waddr_city, waddr_state, membership_id, rent_id, admin_id) values (49, 'Ulick', 'Du Hamel', 'uduhamel1c@slate.com', '6w6J4GUm25As', '2022-03-04', '865', 'Drewry', 'Huntington Beach', 'California', '1', 'Russell', 'Columbus', 'Ohio', 49, null, 12);
insert into Customer (customer_id, fname, lname, email_id, c_password, dob, haddr_str_no, haddr_str_name, haddr_city, haddr_state, waddr_str_no, waddr_str_name, waddr_city, waddr_state, membership_id, rent_id, admin_id) values (50, 'Marsiella', 'Defau', 'mdefau1d@ed.gov', 'NC22Ai', '2022-12-08', '879', 'Fisk', 'Topeka', 'Kansas', '7204', 'Summit', 'Waterbury', 'Connecticut', 50, null, 40);
insert into Customer (customer_id, fname, lname, email_id, c_password, dob, haddr_str_no, haddr_str_name, haddr_city, haddr_state, waddr_str_no, waddr_str_name, waddr_city, waddr_state, membership_id, rent_id, admin_id) values (51, 'Paolo', 'Champney', 'pchampney0@diigo.com', 'gqW95k85', '2022-02-24', '74233', 'Northwestern', 'Saint Louis', 'Missouri', '577', '7th', 'Santa Cruz', 'California', 51, null, 26);
insert into Customer (customer_id, fname, lname, email_id, c_password, dob, haddr_str_no, haddr_str_name, haddr_city, haddr_state, waddr_str_no, waddr_str_name, waddr_city, waddr_state, membership_id, rent_id, admin_id) values (52, 'Marisa', 'Leatham', 'mleatham1@yellowpages.com', 'y8KJL9tfvYU', '2022-02-21', '5', 'Novick', 'Honolulu', 'Hawaii', '5', 'Superior', 'Fort Wayne', 'Indiana', 52, null, 3);
insert into Customer (customer_id, fname, lname, email_id, c_password, dob, haddr_str_no, haddr_str_name, haddr_city, haddr_state, waddr_str_no, waddr_str_name, waddr_city, waddr_state, membership_id, rent_id, admin_id) values (53, 'Maiga', 'Esser', 'messer2@feedburner.com', 'HU2cTrAAJRT', '2022-07-02', '9847', 'Granby', 'Kansas City', 'Kansas', '2', 'Talmadge', 'West Hartford', 'Connecticut', 53, null, 51);
insert into Customer (customer_id, fname, lname, email_id, c_password, dob, haddr_str_no, haddr_str_name, haddr_city, haddr_state, waddr_str_no, waddr_str_name, waddr_city, waddr_state, membership_id, rent_id, admin_id) values (54, 'Julietta', 'Siggery', 'jsiggery3@harvard.edu', 'PsN6KOMZSyHh', '2023-01-19', '9959', 'Heffernan', 'Phoenix', 'Arizona', '8', 'David', 'Springfield', 'Missouri', 54, null, 9);
insert into Customer (customer_id, fname, lname, email_id, c_password, dob, haddr_str_no, haddr_str_name, haddr_city, haddr_state, waddr_str_no, waddr_str_name, waddr_city, waddr_state, membership_id, rent_id, admin_id) values (55, 'Christina', 'Forten', 'cforten4@scientificamerican.com', 'qijzJGx1', '2022-03-14', '4', 'Claremont', 'Kansas City', 'Missouri', '1075', 'Shelley', 'Kansas City', 'Missouri', 55, null, 34);
insert into Customer (customer_id, fname, lname, email_id, c_password, dob, haddr_str_no, haddr_str_name, haddr_city, haddr_state, waddr_str_no, waddr_str_name, waddr_city, waddr_state, membership_id, rent_id, admin_id) values (56, 'Delcine', 'Davidek', 'ddavidek5@ehow.com', 'Gxexh8AB', '2022-09-17', '28', 'Lake View', 'Fort Myers', 'Florida', '611', 'Karstens', 'Green Bay', 'Wisconsin', 56, 6, 60);
insert into Customer (customer_id, fname, lname, email_id, c_password, dob, haddr_str_no, haddr_str_name, haddr_city, haddr_state, waddr_str_no, waddr_str_name, waddr_city, waddr_state, membership_id, rent_id, admin_id) values (57, 'Lorettalorna', 'Axten', 'laxten6@google.nl', 'GSIzjwyToVC', '2022-10-13', '39457', 'Ohio', 'Portsmouth', 'New Hampshire', '45', 'Namekagon', 'Norfolk', 'Virginia', 57, null, 16);
insert into Customer (customer_id, fname, lname, email_id, c_password, dob, haddr_str_no, haddr_str_name, haddr_city, haddr_state, waddr_str_no, waddr_str_name, waddr_city, waddr_state, membership_id, rent_id, admin_id) values (58, 'Wilfred', 'Golds', 'wgolds7@google.fr', 'kU9hBJW7VckK', '2022-12-09', '3', '2nd', 'Shreveport', 'Louisiana', '45', 'Emmet', 'Reno', 'Nevada', 58, null, 16);
insert into Customer (customer_id, fname, lname, email_id, c_password, dob, haddr_str_no, haddr_str_name, haddr_city, haddr_state, waddr_str_no, waddr_str_name, waddr_city, waddr_state, membership_id, rent_id, admin_id) values (59, 'Rochell', 'Mapledorum', 'rmapledorum8@dot.gov', 'hmuYjcch', '2022-11-03', '6506', 'Harper', 'Richmond', 'Virginia', '8072', 'Erie', 'Houston', 'Texas', 59, null, 59);
insert into Customer (customer_id, fname, lname, email_id, c_password, dob, haddr_str_no, haddr_str_name, haddr_city, haddr_state, waddr_str_no, waddr_str_name, waddr_city, waddr_state, membership_id, rent_id, admin_id) values (60, 'Fonz', 'Veelers', 'fveelers9@hhs.gov', 'RQzqFZ3mC', '2022-05-19', '9811', 'Haas', 'Detroit', 'Michigan', '443', 'Birchwood', 'Detroit', 'Michigan', 60, null, 58);
insert into Customer (customer_id, fname, lname, email_id, c_password, dob, haddr_str_no, haddr_str_name, haddr_city, haddr_state, waddr_str_no, waddr_str_name, waddr_city, waddr_state, membership_id, rent_id, admin_id) values (61, 'Ibbie', 'Derham', 'iderhama@smugmug.com', '6yuz8XHx9', '2022-04-28', '42', 'Brown', 'Wilkes Barre', 'Pennsylvania', '092', 'Columbus', 'Pueblo', 'Colorado', 61, null, 56);
insert into Customer (customer_id, fname, lname, email_id, c_password, dob, haddr_str_no, haddr_str_name, haddr_city, haddr_state, waddr_str_no, waddr_str_name, waddr_city, waddr_state, membership_id, rent_id, admin_id) values (62, 'Amelina', 'Bowyer', 'abowyerb@cbslocal.com', '6jN0SghroM', '2022-10-01', '753', 'Melrose', 'Jacksonville', 'Florida', '20', 'Chive', 'Albany', 'New York', 62, null, 23);
insert into Customer (customer_id, fname, lname, email_id, c_password, dob, haddr_str_no, haddr_str_name, haddr_city, haddr_state, waddr_str_no, waddr_str_name, waddr_city, waddr_state, membership_id, rent_id, admin_id) values (63, 'Alano', 'Wyson', 'awysonc@earthlink.net', 'zSKtgEzD', '2022-04-27', '0', 'Myrtle', 'Indianapolis', 'Indiana', '14699', 'Londonderry', 'Detroit', 'Michigan', 63, null, 61);
insert into Customer (customer_id, fname, lname, email_id, c_password, dob, haddr_str_no, haddr_str_name, haddr_city, haddr_state, waddr_str_no, waddr_str_name, waddr_city, waddr_state, membership_id, rent_id, admin_id) values (64, 'Hort', 'Antonio', 'hantoniod@globo.com', 'A7cAioqUZ01', '2022-05-08', '077', 'Springs', 'Glendale', 'California', '3326', 'Oxford', 'New Brunswick', 'New Jersey', 64, null, 2);
insert into Customer (customer_id, fname, lname, email_id, c_password, dob, haddr_str_no, haddr_str_name, haddr_city, haddr_state, waddr_str_no, waddr_str_name, waddr_city, waddr_state, membership_id, rent_id, admin_id) values (65, 'Waverley', 'Guinan', 'wguinane@nba.com', 'F540F7sr5Lk', '2022-05-01', '6192', 'Vernon', 'New Haven', 'Connecticut', '187', 'Dwight', 'Houston', 'Texas', 65, null, 4);
insert into Customer (customer_id, fname, lname, email_id, c_password, dob, haddr_str_no, haddr_str_name, haddr_city, haddr_state, waddr_str_no, waddr_str_name, waddr_city, waddr_state, membership_id, rent_id, admin_id) values (66, 'Alfons', 'Lacaze', 'alacazef@tiny.cc', '6NBpRj', '2022-08-19', '355', 'Armistice', 'Dallas', 'Texas', '70871', 'Talisman', 'Evansville', 'Indiana', 66, null, 42);
insert into Customer (customer_id, fname, lname, email_id, c_password, dob, haddr_str_no, haddr_str_name, haddr_city, haddr_state, waddr_str_no, waddr_str_name, waddr_city, waddr_state, membership_id, rent_id, admin_id) values (67, 'Jacinda', 'Ledur', 'jledurg@wsj.com', 'Bg5s2M8Kb', '2023-01-29', '40402', 'Clove', 'Norfolk', 'Virginia', '13', 'Holy Cross', 'Detroit', 'Michigan', 67, null, 29);
insert into Customer (customer_id, fname, lname, email_id, c_password, dob, haddr_str_no, haddr_str_name, haddr_city, haddr_state, waddr_str_no, waddr_str_name, waddr_city, waddr_state, membership_id, rent_id, admin_id) values (68, 'Otha', 'Attewell', 'oattewellh@123-reg.co.uk', 'knIHp781Ia', '2022-05-26', '68355', 'Fulton', 'Milwaukee', 'Wisconsin', '59', 'Hoepker', 'Greenville', 'South Carolina', 68, null, 54);
insert into Customer (customer_id, fname, lname, email_id, c_password, dob, haddr_str_no, haddr_str_name, haddr_city, haddr_state, waddr_str_no, waddr_str_name, waddr_city, waddr_state, membership_id, rent_id, admin_id) values (69, 'Lukas', 'Cosens', 'lcosensi@rediff.com', 'Qvo1pwQh', '2022-05-20', '3', 'Dayton', 'Indianapolis', 'Indiana', '47', 'Artisan', 'Richmond', 'Virginia', 69, null, 58);
insert into Customer (customer_id, fname, lname, email_id, c_password, dob, haddr_str_no, haddr_str_name, haddr_city, haddr_state, waddr_str_no, waddr_str_name, waddr_city, waddr_state, membership_id, rent_id, admin_id) values (70, 'Geordie', 'Densun', 'gdensunj@sphinn.com', 'EsoTA5dK', '2022-11-06', '830', 'Mosinee', 'Erie', 'Pennsylvania', '0432', 'Haas', 'Evanston', 'Illinois', 70, null, 26);
insert into Customer (customer_id, fname, lname, email_id, c_password, dob, haddr_str_no, haddr_str_name, haddr_city, haddr_state, waddr_str_no, waddr_str_name, waddr_city, waddr_state, membership_id, rent_id, admin_id) values (71, 'Nerissa', 'Moorman', 'nmoormank@mediafire.com', '1k1DcgHl', '2023-02-01', '7333', 'High Crossing', 'Richmond', 'Virginia', '49', 'Pennsylvania', 'Las Vegas', 'Nevada', 71, null, 13);
insert into Customer (customer_id, fname, lname, email_id, c_password, dob, haddr_str_no, haddr_str_name, haddr_city, haddr_state, waddr_str_no, waddr_str_name, waddr_city, waddr_state, membership_id, rent_id, admin_id) values (72, 'Padraig', 'Shadfourth', 'pshadfourthl@photobucket.com', '0WH9w3bzQ85P', '2023-01-30', '32961', 'Brown', 'Orlando', 'Florida', '95451', 'Main', 'Inglewood', 'California', 72, null, 54);
insert into Customer (customer_id, fname, lname, email_id, c_password, dob, haddr_str_no, haddr_str_name, haddr_city, haddr_state, waddr_str_no, waddr_str_name, waddr_city, waddr_state, membership_id, rent_id, admin_id) values (73, 'Malachi', 'Weakley', 'mweakleym@chicagotribune.com', 'lwWNdPaoGN', '2022-11-26', '175', 'Pond', 'New Orleans', 'Louisiana', '7', 'Melody', 'Bronx', 'New York', 73, null, 17);
insert into Customer (customer_id, fname, lname, email_id, c_password, dob, haddr_str_no, haddr_str_name, haddr_city, haddr_state, waddr_str_no, waddr_str_name, waddr_city, waddr_state, membership_id, rent_id, admin_id) values (74, 'Shaine', 'Jacombs', 'sjacombsn@ning.com', 'Z6dUGowwaoop', '2022-12-05', '27097', 'Hollow Ridge', 'Conroe', 'Texas', '252', 'Pepper Wood', 'Sarasota', 'Florida', 74, null, 12);
insert into Customer (customer_id, fname, lname, email_id, c_password, dob, haddr_str_no, haddr_str_name, haddr_city, haddr_state, waddr_str_no, waddr_str_name, waddr_city, waddr_state, membership_id, rent_id, admin_id) values (75, 'Nellie', 'Broschke', 'nbroschkeo@intel.com', 'ILN6uYDNxZ', '2022-03-09', '945', 'Doe Crossing', 'Mountain View', 'California', '315', 'Waywood', 'Louisville', 'Kentucky', 75, null, 34);
insert into Customer (customer_id, fname, lname, email_id, c_password, dob, haddr_str_no, haddr_str_name, haddr_city, haddr_state, waddr_str_no, waddr_str_name, waddr_city, waddr_state, membership_id, rent_id, admin_id) values (76, 'Reagan', 'Primo', 'rprimop@census.gov', '007K8XrD7', '2022-12-17', '31749', 'Doe Crossing', 'Jefferson City', 'Missouri', '96511', 'Stang', 'Pompano Beach', 'Florida', 76, null, 4);
insert into Customer (customer_id, fname, lname, email_id, c_password, dob, haddr_str_no, haddr_str_name, haddr_city, haddr_state, waddr_str_no, waddr_str_name, waddr_city, waddr_state, membership_id, rent_id, admin_id) values (77, 'Brantley', 'Corro', 'bcorroq@nyu.edu', 'XCW7DQ2GM', '2022-11-25', '27848', 'Ridgeview', 'Mountain View', 'California', '92000', 'Linden', 'Tulsa', 'Oklahoma', 77, null, 63);
insert into Customer (customer_id, fname, lname, email_id, c_password, dob, haddr_str_no, haddr_str_name, haddr_city, haddr_state, waddr_str_no, waddr_str_name, waddr_city, waddr_state, membership_id, rent_id, admin_id) values (78, 'Poppy', 'McCoughan', 'pmccoughanr@webs.com', 'd7o0lIPjAAIJ', '2022-10-25', '938', 'Nobel', 'San Rafael', 'California', '225', 'Main', 'Helena', 'Montana', 78, null, 58);
insert into Customer (customer_id, fname, lname, email_id, c_password, dob, haddr_str_no, haddr_str_name, haddr_city, haddr_state, waddr_str_no, waddr_str_name, waddr_city, waddr_state, membership_id, rent_id, admin_id) values (79, 'Darline', 'Dono', 'ddonos@netlog.com', 'VBEGWm9', '2022-10-16', '38681', 'Valley Edge', 'Washington', 'District of Columbia', '31449', 'Di Loreto', 'Charleston', 'West Virginia', 79, null, 64);
insert into Customer (customer_id, fname, lname, email_id, c_password, dob, haddr_str_no, haddr_str_name, haddr_city, haddr_state, waddr_str_no, waddr_str_name, waddr_city, waddr_state, membership_id, rent_id, admin_id) values (80, 'Brook', 'Lodwig', 'blodwigt@mlb.com', 'aQgI2l', '2022-10-21', '1', 'Menomonie', 'Miami', 'Florida', '3', 'Texas', 'Charleston', 'West Virginia', 80, null, 7);
insert into Customer (customer_id, fname, lname, email_id, c_password, dob, haddr_str_no, haddr_str_name, haddr_city, haddr_state, waddr_str_no, waddr_str_name, waddr_city, waddr_state, membership_id, rent_id, admin_id) values (81, 'Virgil', 'Patshull', 'vpatshullu@ocn.ne.jp', 'FVX1dT', '2022-11-12', '47', 'Bartelt', 'Stockton', 'California', '2774', 'Shasta', 'Chicago', 'Illinois', 81, null, 37);
insert into Customer (customer_id, fname, lname, email_id, c_password, dob, haddr_str_no, haddr_str_name, haddr_city, haddr_state, waddr_str_no, waddr_str_name, waddr_city, waddr_state, membership_id, rent_id, admin_id) values (82, 'Jacinthe', 'Broad', 'jbroadv@facebook.com', 'BoIGN75Ihh', '2023-01-01', '958', 'Village Green', 'Macon', 'Georgia', '53', 'Anniversary', 'Shawnee Mission', 'Kansas', 82, null, 25);
insert into Customer (customer_id, fname, lname, email_id, c_password, dob, haddr_str_no, haddr_str_name, haddr_city, haddr_state, waddr_str_no, waddr_str_name, waddr_city, waddr_state, membership_id, rent_id, admin_id) values (83, 'Innis', 'Collis', 'icollisw@google.com', 'Nk9DNhQger5g', '2022-04-02', '891', 'Tennyson', 'Phoenix', 'Arizona', '393', 'Dorton', 'Arlington', 'Texas', 83, null, 16);
insert into Customer (customer_id, fname, lname, email_id, c_password, dob, haddr_str_no, haddr_str_name, haddr_city, haddr_state, waddr_str_no, waddr_str_name, waddr_city, waddr_state, membership_id, rent_id, admin_id) values (84, 'Clerissa', 'Yellowley', 'cyellowleyx@seattletimes.com', 'dJRUle', '2023-01-01', '253', 'Chive', 'West Palm Beach', 'Florida', '010', 'South', 'Denver', 'Colorado', 84, null, 19);
insert into Customer (customer_id, fname, lname, email_id, c_password, dob, haddr_str_no, haddr_str_name, haddr_city, haddr_state, waddr_str_no, waddr_str_name, waddr_city, waddr_state, membership_id, rent_id, admin_id) values (85, 'Davie', 'Clymer', 'dclymery@constantcontact.com', 'jzLgTQ9sCd6m', '2022-02-13', '4', 'Carberry', 'New York City', 'New York', '857', 'Carey', 'San Diego', 'California', 85, 35, 32);
insert into Customer (customer_id, fname, lname, email_id, c_password, dob, haddr_str_no, haddr_str_name, haddr_city, haddr_state, waddr_str_no, waddr_str_name, waddr_city, waddr_state, membership_id, rent_id, admin_id) values (86, 'Alfy', 'McKevitt', 'amckevittz@netscape.com', 'yVgbmY1', '2023-01-25', '06', 'Fieldstone', 'Macon', 'Georgia', '12465', 'Arizona', 'Mobile', 'Alabama', 86, null, 20);
insert into Customer (customer_id, fname, lname, email_id, c_password, dob, haddr_str_no, haddr_str_name, haddr_city, haddr_state, waddr_str_no, waddr_str_name, waddr_city, waddr_state, membership_id, rent_id, admin_id) values (87, 'Galen', 'MattiCCI', 'gmatticci10@ebay.com', 'Tdbji1S', '2023-01-23', '00', 'Fieldstone', 'Los Angeles', 'California', '49776', 'Debs', 'Springfield', 'Illinois', 87, null, 48);
insert into Customer (customer_id, fname, lname, email_id, c_password, dob, haddr_str_no, haddr_str_name, haddr_city, haddr_state, waddr_str_no, waddr_str_name, waddr_city, waddr_state, membership_id, rent_id, admin_id) values (88, 'Finn', 'D''Abbot-Doyle', 'fdabbotdoyle11@woothemes.com', '0cBM2W', '2022-08-05', '21300', 'Westridge', 'Atlanta', 'Georgia', '79529', 'Arrowood', 'Sacramento', 'California', 88, null, 3);
insert into Customer (customer_id, fname, lname, email_id, c_password, dob, haddr_str_no, haddr_str_name, haddr_city, haddr_state, waddr_str_no, waddr_str_name, waddr_city, waddr_state, membership_id, rent_id, admin_id) values (89, 'Vinnie', 'Ugolotti', 'vugolotti12@nbcnews.com', 'kFH3Ff', '2022-05-03', '570', 'Macpherson', 'Paterson', 'New Jersey', '966', 'Elka', 'Washington', 'District of Columbia', 89, null, 57);
insert into Customer (customer_id, fname, lname, email_id, c_password, dob, haddr_str_no, haddr_str_name, haddr_city, haddr_state, waddr_str_no, waddr_str_name, waddr_city, waddr_state, membership_id, rent_id, admin_id) values (90, 'Marc', 'Consterdine', 'mconsterdine13@engadget.com', 'rybC8VDwMyQo', '2022-10-26', '9', 'Village', 'Trenton', 'New Jersey', '119', 'Sugar', 'Salt Lake City', 'Utah', 90, null, 40);
insert into Customer (customer_id, fname, lname, email_id, c_password, dob, haddr_str_no, haddr_str_name, haddr_city, haddr_state, waddr_str_no, waddr_str_name, waddr_city, waddr_state, membership_id, rent_id, admin_id) values (91, 'Catharine', 'Morfett', 'cmorfett14@ucoz.ru', 'bpo4xViQA2', '2022-12-31', '1214', 'Chive', 'Denver', 'Colorado', '09302', 'Orin', 'Fairfax', 'Virginia', 91, null, 25);
insert into Customer (customer_id, fname, lname, email_id, c_password, dob, haddr_str_no, haddr_str_name, haddr_city, haddr_state, waddr_str_no, waddr_str_name, waddr_city, waddr_state, membership_id, rent_id, admin_id) values (92, 'Dunc', 'Malcolm', 'dmalcolm15@gizmodo.com', 'Oy70pB', '2022-10-13', '4', 'Vermont', 'Frankfort', 'Kentucky', '29', 'Valley Edge', 'Salt Lake City', 'Utah', 92, null, 14);
insert into Customer (customer_id, fname, lname, email_id, c_password, dob, haddr_str_no, haddr_str_name, haddr_city, haddr_state, waddr_str_no, waddr_str_name, waddr_city, waddr_state, membership_id, rent_id, admin_id) values (93, 'Ronnica', 'Sultan', 'rsultan16@businesswire.com', 'Y7BE4jbN', '2022-02-11', '3432', 'Lawn', 'Akron', 'Ohio', '200', 'Hollow Ridge', 'Portland', 'Oregon', 93, null, 45);
insert into Customer (customer_id, fname, lname, email_id, c_password, dob, haddr_str_no, haddr_str_name, haddr_city, haddr_state, waddr_str_no, waddr_str_name, waddr_city, waddr_state, membership_id, rent_id, admin_id) values (94, 'Sonni', 'Moncrieffe', 'smoncrieffe17@squidoo.com', 'hp2ZmJrEKNt', '2022-11-07', '035', 'Alpine', 'Lexington', 'Kentucky', '6', 'Bunker Hill', 'Portland', 'Maine', 94, null, 45);
insert into Customer (customer_id, fname, lname, email_id, c_password, dob, haddr_str_no, haddr_str_name, haddr_city, haddr_state, waddr_str_no, waddr_str_name, waddr_city, waddr_state, membership_id, rent_id, admin_id) values (95, 'Magdalene', 'Ixer', 'mixer18@domainmarket.com', '63e8nbRMpB', '2022-07-03', '0', 'Elka', 'Murfreesboro', 'Tennessee', '17', 'Eastwood', 'Springfield', 'Missouri', 95, null, 23);
insert into Customer (customer_id, fname, lname, email_id, c_password, dob, haddr_str_no, haddr_str_name, haddr_city, haddr_state, waddr_str_no, waddr_str_name, waddr_city, waddr_state, membership_id, rent_id, admin_id) values (96, 'Gregory', 'Kristoffersson', 'gkristoffersson19@ed.gov', 'RPj4rwyxRXE', '2022-05-29', '00200', 'Sunbrook', 'Houston', 'Texas', '1', 'Towne', 'Tampa', 'Florida', 96, null, 48);
insert into Customer (customer_id, fname, lname, email_id, c_password, dob, haddr_str_no, haddr_str_name, haddr_city, haddr_state, waddr_str_no, waddr_str_name, waddr_city, waddr_state, membership_id, rent_id, admin_id) values (97, 'Norean', 'Whoolehan', 'nwhoolehan1a@bloglines.com', 'JhlArH', '2022-03-02', '9', 'Crowley', 'Plano', 'Texas', '7623', 'Dovetail', 'Hot Springs National Park', 'Arkansas', 97, null, 65);
insert into Customer (customer_id, fname, lname, email_id, c_password, dob, haddr_str_no, haddr_str_name, haddr_city, haddr_state, waddr_str_no, waddr_str_name, waddr_city, waddr_state, membership_id, rent_id, admin_id) values (98, 'Rudiger', 'Quarterman', 'rquarterman1b@nature.com', 'Al4LcvIaVK', '2022-10-20', '7', 'Hoffman', 'San Diego', 'California', '69', 'Northwestern', 'Boise', 'Idaho', 98, null, 44);
insert into Customer (customer_id, fname, lname, email_id, c_password, dob, haddr_str_no, haddr_str_name, haddr_city, haddr_state, waddr_str_no, waddr_str_name, waddr_city, waddr_state, membership_id, rent_id, admin_id) values (99, 'Dore', 'Choupin', 'dchoupin1c@photobucket.com', 'MP4uYBZsF', '2022-04-21', '355', 'Kipling', 'Atlanta', 'Georgia', '3', 'Garrison', 'Carol Stream', 'Illinois', 99, null, 51);
insert into Customer (customer_id, fname, lname, email_id, c_password, dob, haddr_str_no, haddr_str_name, haddr_city, haddr_state, waddr_str_no, waddr_str_name, waddr_city, waddr_state, membership_id, rent_id, admin_id) values (100, 'Rees', 'Suddell', 'rsuddell1d@baidu.com', '9FHvi84WH', '2022-02-28', '62', 'Crownhardt', 'Fullerton', 'California', '9', 'Knutson', 'Baton Rouge', 'Louisiana', 100, null, 43);
insert into Customer (customer_id, fname, lname, email_id, c_password, dob, haddr_str_no, haddr_str_name, haddr_city, haddr_state, waddr_str_no, waddr_str_name, waddr_city, waddr_state, membership_id, rent_id, admin_id) values (101, 'Theressa', 'Cobbe', 'tcobbe0@dell.com', 'lHMhsnHHU', '2022-06-15', '8', 'Dapin', 'Atlanta', 'Georgia', '0952', 'Stuart', 'Lincoln', 'Nebraska', null, 1, 48);
insert into Customer (customer_id, fname, lname, email_id, c_password, dob, haddr_str_no, haddr_str_name, haddr_city, haddr_state, waddr_str_no, waddr_str_name, waddr_city, waddr_state, membership_id, rent_id, admin_id) values (102, 'Davida', 'Hamlin', 'dhamlin1@examiner.com', 'ctsCO2gIt', '2022-06-13', '2137', 'Pleasure', 'Corpus Christi', 'Texas', '873', 'Dawn', 'New York City', 'New York', null, 2, 28);
insert into Customer (customer_id, fname, lname, email_id, c_password, dob, haddr_str_no, haddr_str_name, haddr_city, haddr_state, waddr_str_no, waddr_str_name, waddr_city, waddr_state, membership_id, rent_id, admin_id) values (103, 'Zora', 'Haseldine', 'zhaseldine2@guardian.co.uk', 'LoY9B0p', '2022-06-14', '2386', 'Karstens', 'Chicago', 'Illinois', '94091', 'Badeau', 'Fairfield', 'Connecticut', null, 3, 54);
insert into Customer (customer_id, fname, lname, email_id, c_password, dob, haddr_str_no, haddr_str_name, haddr_city, haddr_state, waddr_str_no, waddr_str_name, waddr_city, waddr_state, membership_id, rent_id, admin_id) values (104, 'Alan', 'Lugard', 'alugard3@usa.gov', '7XdqeWt', '2022-03-03', '917', 'Warrior', 'San Diego', 'California', '397', 'Fairfield', 'Erie', 'Pennsylvania', null, 4, 52);
insert into Customer (customer_id, fname, lname, email_id, c_password, dob, haddr_str_no, haddr_str_name, haddr_city, haddr_state, waddr_str_no, waddr_str_name, waddr_city, waddr_state, membership_id, rent_id, admin_id) values (105, 'Loise', 'Reaveley', 'lreaveley4@prweb.com', 'VXZrz2b', '2022-07-24', '329', 'Lakeland', 'Orange', 'California', '010', 'Dennis', 'Denver', 'Colorado', null, 5, 37);
insert into Customer (customer_id, fname, lname, email_id, c_password, dob, haddr_str_no, haddr_str_name, haddr_city, haddr_state, waddr_str_no, waddr_str_name, waddr_city, waddr_state, membership_id, rent_id, admin_id) values (106, 'Dyan', 'Cooke', 'dcooke5@ucsd.edu', 'aqBtHj', '2022-10-11', '62', 'Scoville', 'Evansville', 'Indiana', '3670', 'Eagan', 'Phoenix', 'Arizona', null, 6, 61);
insert into Customer (customer_id, fname, lname, email_id, c_password, dob, haddr_str_no, haddr_str_name, haddr_city, haddr_state, waddr_str_no, waddr_str_name, waddr_city, waddr_state, membership_id, rent_id, admin_id) values (107, 'Wynny', 'Skirling', 'wskirling6@europa.eu', 'V5QYbxs', '2022-04-06', '4', 'Mayer', 'Sacramento', 'California', '74231', 'Dakota', 'Topeka', 'Kansas', null, 7, 53);
insert into Customer (customer_id, fname, lname, email_id, c_password, dob, haddr_str_no, haddr_str_name, haddr_city, haddr_state, waddr_str_no, waddr_str_name, waddr_city, waddr_state, membership_id, rent_id, admin_id) values (108, 'Sheffie', 'Frankiewicz', 'sfrankiewicz7@wufoo.com', 'mwWtCSDvBLJO', '2022-12-05', '60024', 'Westerfield', 'Charlotte', 'North Carolina', '567', 'Farragut', 'Annapolis', 'Maryland', null, 8, 54);
insert into Customer (customer_id, fname, lname, email_id, c_password, dob, haddr_str_no, haddr_str_name, haddr_city, haddr_state, waddr_str_no, waddr_str_name, waddr_city, waddr_state, membership_id, rent_id, admin_id) values (109, 'Burgess', 'Riordan', 'briordan8@imageshack.us', 'NDk7mm0re', '2022-11-19', '6152', 'Kenwood', 'Santa Clara', 'California', '07635', 'Bowman', 'El Paso', 'Texas', null, 9, 20);
insert into Customer (customer_id, fname, lname, email_id, c_password, dob, haddr_str_no, haddr_str_name, haddr_city, haddr_state, waddr_str_no, waddr_str_name, waddr_city, waddr_state, membership_id, rent_id, admin_id) values (110, 'Royce', 'Avieson', 'ravieson9@google.de', 'mvLZUsZBMv3V', '2022-11-22', '930', 'Swallow', 'Galveston', 'Texas', '4524', 'Golf View', 'Salt Lake City', 'Utah', null, 10, 57);
insert into Customer (customer_id, fname, lname, email_id, c_password, dob, haddr_str_no, haddr_str_name, haddr_city, haddr_state, waddr_str_no, waddr_str_name, waddr_city, waddr_state, membership_id, rent_id, admin_id) values (111, 'Brooks', 'Cluderay', 'bcluderaya@disqus.com', 'JskzQkiyMG', '2022-04-21', '11', 'Mallory', 'Portland', 'Oregon', '7', 'Anhalt', 'New Haven', 'Connecticut', null, 11, 19);
insert into Customer (customer_id, fname, lname, email_id, c_password, dob, haddr_str_no, haddr_str_name, haddr_city, haddr_state, waddr_str_no, waddr_str_name, waddr_city, waddr_state, membership_id, rent_id, admin_id) values (112, 'Lancelot', 'Flicker', 'lflickerb@over-blog.com', 'aMeOgRAOo4E', '2022-05-24', '0', 'Manley', 'Charleston', 'South Carolina', '3', 'Sunfield', 'Pensacola', 'Florida', null, 12, 37);
insert into Customer (customer_id, fname, lname, email_id, c_password, dob, haddr_str_no, haddr_str_name, haddr_city, haddr_state, waddr_str_no, waddr_str_name, waddr_city, waddr_state, membership_id, rent_id, admin_id) values (113, 'Meade', 'Manilow', 'mmanilowc@go.com', 's7ygdD4N7dkr', '2022-08-31', '9', 'Buell', 'Portland', 'Oregon', '947', 'Basil', 'Houston', 'Texas', null, 13, 60);
insert into Customer (customer_id, fname, lname, email_id, c_password, dob, haddr_str_no, haddr_str_name, haddr_city, haddr_state, waddr_str_no, waddr_str_name, waddr_city, waddr_state, membership_id, rent_id, admin_id) values (114, 'Miguelita', 'Barracks', 'mbarracksd@examiner.com', 'uudKox', '2022-12-08', '9', 'Sunnyside', 'Apache Junction', 'Arizona', '0', 'Dexter', 'Newark', 'New Jersey', null, 14, 45);
insert into Customer (customer_id, fname, lname, email_id, c_password, dob, haddr_str_no, haddr_str_name, haddr_city, haddr_state, waddr_str_no, waddr_str_name, waddr_city, waddr_state, membership_id, rent_id, admin_id) values (115, 'Sandi', 'Goady', 'sgoadye@walmart.com', 'xAfkka', '2022-11-04', '9680', 'Hagan', 'Houston', 'Texas', '427', 'Maple', 'Elizabeth', 'New Jersey', null, 15, 17);
insert into Customer (customer_id, fname, lname, email_id, c_password, dob, haddr_str_no, haddr_str_name, haddr_city, haddr_state, waddr_str_no, waddr_str_name, waddr_city, waddr_state, membership_id, rent_id, admin_id) values (116, 'Maureene', 'Papen', 'mpapenf@sfgate.com', 'jN6FY4l', '2022-10-11', '95', 'Oxford', 'Santa Barbara', 'California', '58974', 'La Follette', 'Philadelphia', 'Pennsylvania', null, 16, 4);
insert into Customer (customer_id, fname, lname, email_id, c_password, dob, haddr_str_no, haddr_str_name, haddr_city, haddr_state, waddr_str_no, waddr_str_name, waddr_city, waddr_state, membership_id, rent_id, admin_id) values (117, 'Hedwiga', 'Cornewell', 'hcornewellg@dmoz.org', 'wYqmh1BcGoPs', '2022-09-20', '436', 'Beilfuss', 'Akron', 'Ohio', '369', 'Brentwood', 'Warren', 'Michigan', null, 17, 22);
insert into Customer (customer_id, fname, lname, email_id, c_password, dob, haddr_str_no, haddr_str_name, haddr_city, haddr_state, waddr_str_no, waddr_str_name, waddr_city, waddr_state, membership_id, rent_id, admin_id) values (118, 'Sherlocke', 'Gennerich', 'sgennerichh@pagesperso-orange.fr', 'Il6CTxNQhKN', '2022-09-21', '58089', 'Delladonna', 'Seattle', 'Washington', '54', 'Del Mar', 'Des Moines', 'Iowa', null, 18, 7);
insert into Customer (customer_id, fname, lname, email_id, c_password, dob, haddr_str_no, haddr_str_name, haddr_city, haddr_state, waddr_str_no, waddr_str_name, waddr_city, waddr_state, membership_id, rent_id, admin_id) values (119, 'Gracie', 'Farryan', 'gfarryani@bluehost.com', '3C9z6HQOw', '2022-12-08', '13', 'Fieldstone', 'Salt Lake City', 'Utah', '7041', 'Schlimgen', 'Las Vegas', 'Nevada', null, 19, 50);
insert into Customer (customer_id, fname, lname, email_id, c_password, dob, haddr_str_no, haddr_str_name, haddr_city, haddr_state, waddr_str_no, waddr_str_name, waddr_city, waddr_state, membership_id, rent_id, admin_id) values (120, 'Jacquelin', 'Kelsow', 'jkelsowj@miitbeian.gov.cn', 'SLSMyXIUj', '2022-05-01', '74301', 'Old Gate', 'Fresno', 'California', '690', 'Heath', 'Ann Arbor', 'Michigan', null, 20, 5);
insert into Customer (customer_id, fname, lname, email_id, c_password, dob, haddr_str_no, haddr_str_name, haddr_city, haddr_state, waddr_str_no, waddr_str_name, waddr_city, waddr_state, membership_id, rent_id, admin_id) values (121, 'Clarinda', 'Cannavan', 'ccannavank@businessinsider.com', 'kCoiUyHW5K', '2022-03-26', '32', 'Hollow Ridge', 'Washington', 'District of Columbia', '89', '1st', 'Washington', 'District of Columbia', null, 21, 36);
insert into Customer (customer_id, fname, lname, email_id, c_password, dob, haddr_str_no, haddr_str_name, haddr_city, haddr_state, waddr_str_no, waddr_str_name, waddr_city, waddr_state, membership_id, rent_id, admin_id) values (122, 'Morris', 'Krienke', 'mkrienkel@mtv.com', 'YiA91s8q5T', '2022-02-13', '39', 'Kipling', 'Pittsburgh', 'Pennsylvania', '133', 'Crownhardt', 'Youngstown', 'Ohio', null, 22, 9);
insert into Customer (customer_id, fname, lname, email_id, c_password, dob, haddr_str_no, haddr_str_name, haddr_city, haddr_state, waddr_str_no, waddr_str_name, waddr_city, waddr_state, membership_id, rent_id, admin_id) values (123, 'Lucien', 'Bartolini', 'lbartolinim@quantcast.com', '2TXsPBteaYHH', '2022-10-26', '68701', 'Prairie Rose', 'Gilbert', 'Arizona', '292', 'Holmberg', 'Albany', 'New York', null, 23, 3);
insert into Customer (customer_id, fname, lname, email_id, c_password, dob, haddr_str_no, haddr_str_name, haddr_city, haddr_state, waddr_str_no, waddr_str_name, waddr_city, waddr_state, membership_id, rent_id, admin_id) values (124, 'Indira', 'Snawdon', 'isnawdonn@over-blog.com', 'mdosJGIsb', '2023-01-09', '17', 'Ridgeview', 'Pittsburgh', 'Pennsylvania', '08', 'Fremont', 'Milwaukee', 'Wisconsin', null, 24, 39);
insert into Customer (customer_id, fname, lname, email_id, c_password, dob, haddr_str_no, haddr_str_name, haddr_city, haddr_state, waddr_str_no, waddr_str_name, waddr_city, waddr_state, membership_id, rent_id, admin_id) values (125, 'Clarence', 'Dean', 'cdeano@fema.gov', 'BhYv2Tt2JdD', '2022-07-13', '256', 'Russell', 'Sacramento', 'California', '878', 'Jay', 'Falls Church', 'Virginia', null, 25, 37);
insert into Customer (customer_id, fname, lname, email_id, c_password, dob, haddr_str_no, haddr_str_name, haddr_city, haddr_state, waddr_str_no, waddr_str_name, waddr_city, waddr_state, membership_id, rent_id, admin_id) values (126, 'James', 'Showen', 'jshowenp@redcross.org', 'qXyTheQeOCia', '2022-05-11', '0899', 'Monica', 'Denver', 'Colorado', '69756', 'Transport', 'Lawrenceville', 'Georgia', null, 26, 11);
insert into Customer (customer_id, fname, lname, email_id, c_password, dob, haddr_str_no, haddr_str_name, haddr_city, haddr_state, waddr_str_no, waddr_str_name, waddr_city, waddr_state, membership_id, rent_id, admin_id) values (127, 'Galvan', 'Milillo', 'gmililloq@imgur.com', 'rl9DOmK', '2022-06-09', '1478', 'Warner', 'El Paso', 'Texas', '7359', 'American', 'Fort Lauderdale', 'Florida', null, 27, 47);
insert into Customer (customer_id, fname, lname, email_id, c_password, dob, haddr_str_no, haddr_str_name, haddr_city, haddr_state, waddr_str_no, waddr_str_name, waddr_city, waddr_state, membership_id, rent_id, admin_id) values (128, 'Emlyn', 'Farrow', 'efarrowr@booking.com', 'JyoWKanp7WW', '2022-05-30', '1200', 'Maywood', 'Peoria', 'Illinois', '7', 'Leroy', 'Tacoma', 'Washington', null, 28, 34);
insert into Customer (customer_id, fname, lname, email_id, c_password, dob, haddr_str_no, haddr_str_name, haddr_city, haddr_state, waddr_str_no, waddr_str_name, waddr_city, waddr_state, membership_id, rent_id, admin_id) values (129, 'Tiebout', 'Kornes', 'tkorness@nasa.gov', 'SAeoNXCjQ', '2022-04-02', '657', 'Lien', 'Charlotte', 'North Carolina', '615', 'American', 'Dallas', 'Texas', null, 29, 11);
insert into Customer (customer_id, fname, lname, email_id, c_password, dob, haddr_str_no, haddr_str_name, haddr_city, haddr_state, waddr_str_no, waddr_str_name, waddr_city, waddr_state, membership_id, rent_id, admin_id) values (130, 'Vicki', 'Olanda', 'volandat@yelp.com', 'c1UEPZtAO', '2022-11-29', '9100', 'Orin', 'Aurora', 'Colorado', '601', 'Carey', 'Memphis', 'Tennessee', null, 30, 4);
insert into Customer (customer_id, fname, lname, email_id, c_password, dob, haddr_str_no, haddr_str_name, haddr_city, haddr_state, waddr_str_no, waddr_str_name, waddr_city, waddr_state, membership_id, rent_id, admin_id) values (131, 'Florian', 'Empson', 'fempsonu@foxnews.com', 'MzIVdzRtVn', '2022-08-18', '1', 'Bunker Hill', 'Tyler', 'Texas', '0202', 'Raven', 'Baltimore', 'Maryland', null, 31, 62);
insert into Customer (customer_id, fname, lname, email_id, c_password, dob, haddr_str_no, haddr_str_name, haddr_city, haddr_state, waddr_str_no, waddr_str_name, waddr_city, waddr_state, membership_id, rent_id, admin_id) values (132, 'Lacey', 'Sorey', 'lsoreyv@businessweek.com', 'oWRVOiYCP', '2022-11-18', '256', 'Vera', 'Columbia', 'Missouri', '21', 'Buhler', 'Macon', 'Georgia', null, 32, 39);
insert into Customer (customer_id, fname, lname, email_id, c_password, dob, haddr_str_no, haddr_str_name, haddr_city, haddr_state, waddr_str_no, waddr_str_name, waddr_city, waddr_state, membership_id, rent_id, admin_id) values (133, 'Giacopo', 'Lugard', 'glugardw@icq.com', 'WYlPdMlp2zUK', '2022-12-21', '0', 'Bartelt', 'Indianapolis', 'Indiana', '9681', 'Harper', 'Memphis', 'Tennessee', null, 33, 40);
insert into Customer (customer_id, fname, lname, email_id, c_password, dob, haddr_str_no, haddr_str_name, haddr_city, haddr_state, waddr_str_no, waddr_str_name, waddr_city, waddr_state, membership_id, rent_id, admin_id) values (134, 'Terza', 'Aireton', 'tairetonx@usa.gov', 'gpZdcpfxxh50', '2022-12-23', '47260', 'Pankratz', 'Richmond', 'Virginia', '4', 'Anhalt', 'Columbus', 'Georgia', null, 34, 26);
insert into Customer (customer_id, fname, lname, email_id, c_password, dob, haddr_str_no, haddr_str_name, haddr_city, haddr_state, waddr_str_no, waddr_str_name, waddr_city, waddr_state, membership_id, rent_id, admin_id) values (135, 'Winnie', 'Waylett', 'wwayletty@ted.com', 'ZXrSmvy6GES', '2022-03-05', '043', 'Warner', 'Spartanburg', 'South Carolina', '42', 'Montana', 'Kansas City', 'Missouri', null, 35, 21);
insert into Customer (customer_id, fname, lname, email_id, c_password, dob, haddr_str_no, haddr_str_name, haddr_city, haddr_state, waddr_str_no, waddr_str_name, waddr_city, waddr_state, membership_id, rent_id, admin_id) values (136, 'Aubrette', 'Hiscoke', 'ahiscokez@bing.com', 'ukPF5HSNGGQE', '2022-11-23', '30631', 'Ilene', 'Oklahoma City', 'Oklahoma', '1', 'Autumn Leaf', 'Toledo', 'Ohio', null, 36, 25);
insert into Customer (customer_id, fname, lname, email_id, c_password, dob, haddr_str_no, haddr_str_name, haddr_city, haddr_state, waddr_str_no, waddr_str_name, waddr_city, waddr_state, membership_id, rent_id, admin_id) values (137, 'Christiane', 'Ziehms', 'cziehms10@wix.com', 'QOZ8fML', '2022-02-16', '184', 'Amoth', 'Boston', 'Massachusetts', '98469', 'Lillian', 'Roanoke', 'Virginia', null, 37, 37);
insert into Customer (customer_id, fname, lname, email_id, c_password, dob, haddr_str_no, haddr_str_name, haddr_city, haddr_state, waddr_str_no, waddr_str_name, waddr_city, waddr_state, membership_id, rent_id, admin_id) values (138, 'Stafford', 'Pietesch', 'spietesch11@gmpg.org', 'Fx8TIQ7QybwC', '2022-08-30', '5527', 'Crownhardt', 'Las Vegas', 'Nevada', '5961', 'Caliangt', 'Chicago', 'Illinois', null, 38, 61);
insert into Customer (customer_id, fname, lname, email_id, c_password, dob, haddr_str_no, haddr_str_name, haddr_city, haddr_state, waddr_str_no, waddr_str_name, waddr_city, waddr_state, membership_id, rent_id, admin_id) values (139, 'Abbe', 'Filipyev', 'afilipyev12@umn.edu', '3KtwSsEa1v', '2022-11-21', '257', 'Dorton', 'Des Moines', 'Iowa', '64', 'John Wall', 'Dallas', 'Texas', null, 39, 31);
insert into Customer (customer_id, fname, lname, email_id, c_password, dob, haddr_str_no, haddr_str_name, haddr_city, haddr_state, waddr_str_no, waddr_str_name, waddr_city, waddr_state, membership_id, rent_id, admin_id) values (140, 'Frasco', 'Blaby', 'fblaby13@whitehouse.gov', '8tgdIIUH39V', '2023-02-09', '41', 'Village Green', 'Oklahoma City', 'Oklahoma', '27', 'Dennis', 'Rochester', 'New York', null, 40, 45);
insert into Customer (customer_id, fname, lname, email_id, c_password, dob, haddr_str_no, haddr_str_name, haddr_city, haddr_state, waddr_str_no, waddr_str_name, waddr_city, waddr_state, membership_id, rent_id, admin_id) values (141, 'Janie', 'Fordy', 'jfordy14@google.co.uk', '86qsSe', '2022-12-08', '15', 'Sunfield', 'Spartanburg', 'South Carolina', '5', 'Summerview', 'Brooklyn', 'New York', null, 41, 47);
insert into Customer (customer_id, fname, lname, email_id, c_password, dob, haddr_str_no, haddr_str_name, haddr_city, haddr_state, waddr_str_no, waddr_str_name, waddr_city, waddr_state, membership_id, rent_id, admin_id) values (142, 'Lothario', 'Crowcher', 'lcrowcher15@ezinearticles.com', '8aqE6ANmVR', '2023-01-31', '7427', 'New Castle', 'Albany', 'New York', '17', 'Utah', 'Billings', 'Montana', null, 42, 26);
insert into Customer (customer_id, fname, lname, email_id, c_password, dob, haddr_str_no, haddr_str_name, haddr_city, haddr_state, waddr_str_no, waddr_str_name, waddr_city, waddr_state, membership_id, rent_id, admin_id) values (143, 'Benny', 'Erlam', 'berlam16@shinystat.com', 'NGWW6fPUvAv', '2022-06-12', '623', 'Prairieview', 'Tampa', 'Florida', '4', 'Jackson', 'Detroit', 'Michigan', null, 43, 12);
insert into Customer (customer_id, fname, lname, email_id, c_password, dob, haddr_str_no, haddr_str_name, haddr_city, haddr_state, waddr_str_no, waddr_str_name, waddr_city, waddr_state, membership_id, rent_id, admin_id) values (144, 'Natalina', 'Walshe', 'nwalshe17@nifty.com', 'ih4xrf', '2022-06-09', '7', 'Corscot', 'Boston', 'Massachusetts', '3', 'Loeprich', 'Brooklyn', 'New York', null, 44, 7);
insert into Customer (customer_id, fname, lname, email_id, c_password, dob, haddr_str_no, haddr_str_name, haddr_city, haddr_state, waddr_str_no, waddr_str_name, waddr_city, waddr_state, membership_id, rent_id, admin_id) values (145, 'Batsheva', 'Bath', 'bbath18@51.la', 'U07Z651', '2022-10-24', '78520', 'Heath', 'Chicago', 'Illinois', '0', 'Charing Cross', 'Albany', 'New York', null, 45, 40);
insert into Customer (customer_id, fname, lname, email_id, c_password, dob, haddr_str_no, haddr_str_name, haddr_city, haddr_state, waddr_str_no, waddr_str_name, waddr_city, waddr_state, membership_id, rent_id, admin_id) values (146, 'Rickie', 'Van Zon', 'rvanzon19@earthlink.net', 'w3A9H8yr92n', '2022-07-30', '8', 'Kenwood', 'Saint Louis', 'Missouri', '83', 'Dottie', 'Terre Haute', 'Indiana', null, 46, 23);
insert into Customer (customer_id, fname, lname, email_id, c_password, dob, haddr_str_no, haddr_str_name, haddr_city, haddr_state, waddr_str_no, waddr_str_name, waddr_city, waddr_state, membership_id, rent_id, admin_id) values (147, 'Delcine', 'Ulyat', 'dulyat1a@sciencedaily.com', 'mMybYXOiKEW6', '2022-06-12', '5250', 'Maple Wood', 'Evansville', 'Indiana', '9', 'David', 'Washington', 'District of Columbia', null, 47, 13);
insert into Customer (customer_id, fname, lname, email_id, c_password, dob, haddr_str_no, haddr_str_name, haddr_city, haddr_state, waddr_str_no, waddr_str_name, waddr_city, waddr_state, membership_id, rent_id, admin_id) values (148, 'Charlotta', 'Ferier', 'cferier1b@paginegialle.it', '3nt6aqERsAH', '2022-03-26', '82', 'Morningstar', 'Trenton', 'New Jersey', '91357', 'Fulton', 'Las Vegas', 'Nevada', null, 48, 12);
insert into Customer (customer_id, fname, lname, email_id, c_password, dob, haddr_str_no, haddr_str_name, haddr_city, haddr_state, waddr_str_no, waddr_str_name, waddr_city, waddr_state, membership_id, rent_id, admin_id) values (149, 'Randene', 'William', 'rwilliam1c@homestead.com', 'Hi404R1aE25', '2022-10-30', '5', 'Lindbergh', 'Salt Lake City', 'Utah', '7', 'North', 'Louisville', 'Kentucky', null, 49, 16);
insert into Customer (customer_id, fname, lname, email_id, c_password, dob, haddr_str_no, haddr_str_name, haddr_city, haddr_state, waddr_str_no, waddr_str_name, waddr_city, waddr_state, membership_id, rent_id, admin_id) values (150, 'Kristen', 'Eynald', 'keynald1d@epa.gov', 'AzRSxmFbV5K', '2022-03-15', '35', 'Magdeline', 'Valdosta', 'Georgia', '3', 'Green Ridge', 'Houston', 'Texas', null, 50, 60);

-- table customer phone_no

insert into customer_phone_no (customer_id, phone_no) values (1, '6714658158');
insert into customer_phone_no (customer_id, phone_no) values (2, '1977396383');
insert into customer_phone_no (customer_id, phone_no) values (3, '3998612999');
insert into customer_phone_no (customer_id, phone_no) values (4, '5764011528');
insert into customer_phone_no (customer_id, phone_no) values (5, '1435544360');
insert into customer_phone_no (customer_id, phone_no) values (6, '3385040297');
insert into customer_phone_no (customer_id, phone_no) values (7, '8358744127');
insert into customer_phone_no (customer_id, phone_no) values (8, '6279114633');
insert into customer_phone_no (customer_id, phone_no) values (9, '6198727387');
insert into customer_phone_no (customer_id, phone_no) values (10, '4763086239');
insert into customer_phone_no (customer_id, phone_no) values (11, '1287761279');
insert into customer_phone_no (customer_id, phone_no) values (12, '3042133749');
insert into customer_phone_no (customer_id, phone_no) values (13, '8077312697');
insert into customer_phone_no (customer_id, phone_no) values (14, '5052021937');
insert into customer_phone_no (customer_id, phone_no) values (15, '4626344318');
insert into customer_phone_no (customer_id, phone_no) values (16, '6395546621');
insert into customer_phone_no (customer_id, phone_no) values (17, '7136928494');
insert into customer_phone_no (customer_id, phone_no) values (18, '7985378918');
insert into customer_phone_no (customer_id, phone_no) values (19, '8246073108');
insert into customer_phone_no (customer_id, phone_no) values (20, '8987977513');
insert into customer_phone_no (customer_id, phone_no) values (21, '5989433131');
insert into customer_phone_no (customer_id, phone_no) values (22, '1809893553');
insert into customer_phone_no (customer_id, phone_no) values (23, '6812670765');
insert into customer_phone_no (customer_id, phone_no) values (24, '9643287872');
insert into customer_phone_no (customer_id, phone_no) values (25, '6826580310');
insert into customer_phone_no (customer_id, phone_no) values (26, '4766560081');
insert into customer_phone_no (customer_id, phone_no) values (27, '4521805388');
insert into customer_phone_no (customer_id, phone_no) values (28, '2006120704');
insert into customer_phone_no (customer_id, phone_no) values (29, '4443314075');
insert into customer_phone_no (customer_id, phone_no) values (30, '3774892369');
insert into customer_phone_no (customer_id, phone_no) values (31, '9889010101');
insert into customer_phone_no (customer_id, phone_no) values (32, '9047392775');
insert into customer_phone_no (customer_id, phone_no) values (33, '3268023501');
insert into customer_phone_no (customer_id, phone_no) values (34, '5827005965');
insert into customer_phone_no (customer_id, phone_no) values (35, '7752202740');
insert into customer_phone_no (customer_id, phone_no) values (36, '9001192731');
insert into customer_phone_no (customer_id, phone_no) values (37, '8151948043');
insert into customer_phone_no (customer_id, phone_no) values (38, '4258376805');
insert into customer_phone_no (customer_id, phone_no) values (39, '3374733663');
insert into customer_phone_no (customer_id, phone_no) values (40, '9354576329');
insert into customer_phone_no (customer_id, phone_no) values (41, '9705726969');
insert into customer_phone_no (customer_id, phone_no) values (42, '4757808083');
insert into customer_phone_no (customer_id, phone_no) values (43, '4799874809');
insert into customer_phone_no (customer_id, phone_no) values (44, '2964562717');
insert into customer_phone_no (customer_id, phone_no) values (45, '4152342501');
insert into customer_phone_no (customer_id, phone_no) values (46, '4141270598');
insert into customer_phone_no (customer_id, phone_no) values (47, '9253064706');
insert into customer_phone_no (customer_id, phone_no) values (48, '3178033220');
insert into customer_phone_no (customer_id, phone_no) values (49, '2357395096');
insert into customer_phone_no (customer_id, phone_no) values (50, '8767156426');
insert into customer_phone_no (customer_id, phone_no) values (51, '8213421484');
insert into customer_phone_no (customer_id, phone_no) values (52, '3338948948');
insert into customer_phone_no (customer_id, phone_no) values (53, '7097157555');
insert into customer_phone_no (customer_id, phone_no) values (54, '7379269819');
insert into customer_phone_no (customer_id, phone_no) values (55, '3531370409');
insert into customer_phone_no (customer_id, phone_no) values (56, '6701299627');
insert into customer_phone_no (customer_id, phone_no) values (57, '3346850009');
insert into customer_phone_no (customer_id, phone_no) values (58, '3984627937');
insert into customer_phone_no (customer_id, phone_no) values (59, '1629725853');
insert into customer_phone_no (customer_id, phone_no) values (60, '5657647327');
insert into customer_phone_no (customer_id, phone_no) values (61, '8624259271');
insert into customer_phone_no (customer_id, phone_no) values (62, '2362027070');
insert into customer_phone_no (customer_id, phone_no) values (63, '2007794309');
insert into customer_phone_no (customer_id, phone_no) values (64, '8776453136');
insert into customer_phone_no (customer_id, phone_no) values (65, '4727454367');
insert into customer_phone_no (customer_id, phone_no) values (66, '7599224767');
insert into customer_phone_no (customer_id, phone_no) values (67, '6165527074');
insert into customer_phone_no (customer_id, phone_no) values (68, '5953979304');
insert into customer_phone_no (customer_id, phone_no) values (69, '5702011085');
insert into customer_phone_no (customer_id, phone_no) values (70, '5651804780');
insert into customer_phone_no (customer_id, phone_no) values (71, '7564592519');
insert into customer_phone_no (customer_id, phone_no) values (72, '6764034354');
insert into customer_phone_no (customer_id, phone_no) values (73, '5719852980');
insert into customer_phone_no (customer_id, phone_no) values (74, '6057205899');
insert into customer_phone_no (customer_id, phone_no) values (75, '3286755258');
insert into customer_phone_no (customer_id, phone_no) values (76, '2058556436');
insert into customer_phone_no (customer_id, phone_no) values (77, '1816746489');
insert into customer_phone_no (customer_id, phone_no) values (78, '9546139559');
insert into customer_phone_no (customer_id, phone_no) values (79, '6112883538');
insert into customer_phone_no (customer_id, phone_no) values (80, '4695879845');
insert into customer_phone_no (customer_id, phone_no) values (81, '1775795960');
insert into customer_phone_no (customer_id, phone_no) values (82, '2721163731');
insert into customer_phone_no (customer_id, phone_no) values (83, '3383423393');
insert into customer_phone_no (customer_id, phone_no) values (84, '2284423353');
insert into customer_phone_no (customer_id, phone_no) values (85, '9762288043');
insert into customer_phone_no (customer_id, phone_no) values (86, '9997520903');
insert into customer_phone_no (customer_id, phone_no) values (87, '5749062590');
insert into customer_phone_no (customer_id, phone_no) values (88, '1864208366');
insert into customer_phone_no (customer_id, phone_no) values (89, '3029756150');
insert into customer_phone_no (customer_id, phone_no) values (90, '2859584159');
insert into customer_phone_no (customer_id, phone_no) values (91, '5965221225');
insert into customer_phone_no (customer_id, phone_no) values (92, '6777163617');
insert into customer_phone_no (customer_id, phone_no) values (93, '1478551003');
insert into customer_phone_no (customer_id, phone_no) values (94, '9192589551');
insert into customer_phone_no (customer_id, phone_no) values (95, '8533630557');
insert into customer_phone_no (customer_id, phone_no) values (96, '1277418783');
insert into customer_phone_no (customer_id, phone_no) values (97, '5009763599');
insert into customer_phone_no (customer_id, phone_no) values (98, '4895394819');
insert into customer_phone_no (customer_id, phone_no) values (99, '5924936319');
insert into customer_phone_no (customer_id, phone_no) values (100, '3995573428');
insert into customer_phone_no (customer_id, phone_no) values (101, '3063569648');
insert into customer_phone_no (customer_id, phone_no) values (102, '3029019484');
insert into customer_phone_no (customer_id, phone_no) values (103, '6307587105');
insert into customer_phone_no (customer_id, phone_no) values (104, '7019768970');
insert into customer_phone_no (customer_id, phone_no) values (105, '1224442423');
insert into customer_phone_no (customer_id, phone_no) values (106, '7782649399');
insert into customer_phone_no (customer_id, phone_no) values (107, '6537243517');
insert into customer_phone_no (customer_id, phone_no) values (108, '5351253245');
insert into customer_phone_no (customer_id, phone_no) values (109, '7515356978');
insert into customer_phone_no (customer_id, phone_no) values (110, '3198335654');
insert into customer_phone_no (customer_id, phone_no) values (111, '3572399514');
insert into customer_phone_no (customer_id, phone_no) values (112, '9581744531');
insert into customer_phone_no (customer_id, phone_no) values (113, '9467559569');
insert into customer_phone_no (customer_id, phone_no) values (114, '3562165511');
insert into customer_phone_no (customer_id, phone_no) values (115, '7103396796');
insert into customer_phone_no (customer_id, phone_no) values (116, '2527817153');
insert into customer_phone_no (customer_id, phone_no) values (117, '4122085730');
insert into customer_phone_no (customer_id, phone_no) values (118, '9426746467');
insert into customer_phone_no (customer_id, phone_no) values (119, '5807012931');
insert into customer_phone_no (customer_id, phone_no) values (120, '2584187710');
insert into customer_phone_no (customer_id, phone_no) values (121, '8864669275');
insert into customer_phone_no (customer_id, phone_no) values (122, '9598599822');
insert into customer_phone_no (customer_id, phone_no) values (123, '5955478851');
insert into customer_phone_no (customer_id, phone_no) values (124, '6779055504');
insert into customer_phone_no (customer_id, phone_no) values (125, '4314290580');
insert into customer_phone_no (customer_id, phone_no) values (126, '5707782870');
insert into customer_phone_no (customer_id, phone_no) values (127, '4702929089');
insert into customer_phone_no (customer_id, phone_no) values (128, '2864033478');
insert into customer_phone_no (customer_id, phone_no) values (129, '1149664341');
insert into customer_phone_no (customer_id, phone_no) values (130, '2135272230');
insert into customer_phone_no (customer_id, phone_no) values (131, '4434938468');
insert into customer_phone_no (customer_id, phone_no) values (132, '5877033062');
insert into customer_phone_no (customer_id, phone_no) values (133, '7066721894');
insert into customer_phone_no (customer_id, phone_no) values (134, '8259529368');
insert into customer_phone_no (customer_id, phone_no) values (135, '6925232406');
insert into customer_phone_no (customer_id, phone_no) values (136, '2603383828');
insert into customer_phone_no (customer_id, phone_no) values (137, '4419657811');
insert into customer_phone_no (customer_id, phone_no) values (138, '8885668708');
insert into customer_phone_no (customer_id, phone_no) values (139, '4695710322');
insert into customer_phone_no (customer_id, phone_no) values (140, '4828306727');
insert into customer_phone_no (customer_id, phone_no) values (141, '2144612751');
insert into customer_phone_no (customer_id, phone_no) values (142, '4277233332');
insert into customer_phone_no (customer_id, phone_no) values (143, '7158743301');
insert into customer_phone_no (customer_id, phone_no) values (144, '8687371221');
insert into customer_phone_no (customer_id, phone_no) values (145, '7036940386');
insert into customer_phone_no (customer_id, phone_no) values (146, '6199465552');
insert into customer_phone_no (customer_id, phone_no) values (147, '3266702329');
insert into customer_phone_no (customer_id, phone_no) values (148, '1669846894');
insert into customer_phone_no (customer_id, phone_no) values (149, '1283867499');
insert into customer_phone_no (customer_id, phone_no) values (150, '6192344798');


-- table cust feed

insert into Customer_feedback (cust_id, feedback_id, feedback_date, feedback_time, feedback_content) values (79, 1, '2021-07-21', '16:43:18', 'ut at dolor quis odio consequat varius integer');
insert into Customer_feedback (cust_id, feedback_id, feedback_date, feedback_time, feedback_content) values (140, 2, '2020-08-13', '7:22:02', 'aliquet ultrices erat tortor sollicitudin mi');
insert into Customer_feedback (cust_id, feedback_id, feedback_date, feedback_time, feedback_content) values (88, 3, '2020-08-14', '13:25:37', 'convallis morbi odio odio elementum eu interdum');
insert into Customer_feedback (cust_id, feedback_id, feedback_date, feedback_time, feedback_content) values (147, 4, '2022-03-28', '19:03:08', 'fusce congue diam id ornare imperdiet sapien urna');
insert into Customer_feedback (cust_id, feedback_id, feedback_date, feedback_time, feedback_content) values (86, 5, '2021-02-25', '11:40:45', 'dui vel nisl duis ac nibh fusce lacus');
insert into Customer_feedback (cust_id, feedback_id, feedback_date, feedback_time, feedback_content) values (12, 6, '2020-06-25', '6:17:52', 'imperdiet sapien urna pretium nisl');
insert into Customer_feedback (cust_id, feedback_id, feedback_date, feedback_time, feedback_content) values (63, 7, '2021-07-24', '10:16:52', 'mattis odio donec vitae nisi nam ultrices');
insert into Customer_feedback (cust_id, feedback_id, feedback_date, feedback_time, feedback_content) values (63, 8, '2020-04-16', '5:29:04', 'eu magna vulputate luctus cum sociis natoque penatibus');
insert into Customer_feedback (cust_id, feedback_id, feedback_date, feedback_time, feedback_content) values (122, 9, '2020-09-11', '16:32:48', 'sem praesent id massa id');
insert into Customer_feedback (cust_id, feedback_id, feedback_date, feedback_time, feedback_content) values (59, 10, '2022-09-06', '3:10:00', 'odio porttitor id consequat in consequat ut nulla');
insert into Customer_feedback (cust_id, feedback_id, feedback_date, feedback_time, feedback_content) values (130, 11, '2020-10-06', '15:23:35', 'luctus rutrum nulla tellus in sagittis dui vel');
insert into Customer_feedback (cust_id, feedback_id, feedback_date, feedback_time, feedback_content) values (30, 12, '2020-09-27', '20:11:43', 'leo rhoncus sed vestibulum sit');
insert into Customer_feedback (cust_id, feedback_id, feedback_date, feedback_time, feedback_content) values (34, 13, '2022-04-07', '15:17:02', 'libero quis orci nullam molestie nibh in');
insert into Customer_feedback (cust_id, feedback_id, feedback_date, feedback_time, feedback_content) values (66, 14, '2021-05-07', '18:14:21', 'leo pellentesque ultrices mattis odio donec');
insert into Customer_feedback (cust_id, feedback_id, feedback_date, feedback_time, feedback_content) values (67, 15, '2023-01-18', '2:21:15', 'tristique fusce congue diam id ornare imperdiet sapien');
insert into Customer_feedback (cust_id, feedback_id, feedback_date, feedback_time, feedback_content) values (132, 16, '2022-05-04', '12:37:01', 'fusce consequat nulla nisl nunc nisl duis');
insert into Customer_feedback (cust_id, feedback_id, feedback_date, feedback_time, feedback_content) values (85, 17, '2022-01-11', '4:26:18', 'massa id lobortis convallis tortor risus');
insert into Customer_feedback (cust_id, feedback_id, feedback_date, feedback_time, feedback_content) values (85, 18, '2022-06-12', '22:15:28', 'libero rutrum ac lobortis vel');
insert into Customer_feedback (cust_id, feedback_id, feedback_date, feedback_time, feedback_content) values (133, 19, '2021-05-08', '9:18:38', 'augue a suscipit nulla elit ac');
insert into Customer_feedback (cust_id, feedback_id, feedback_date, feedback_time, feedback_content) values (75, 20, '2022-05-21', '12:29:28', 'ac diam cras pellentesque volutpat dui maecenas');
insert into Customer_feedback (cust_id, feedback_id, feedback_date, feedback_time, feedback_content) values (74, 21, '2022-10-26', '21:21:42', 'mauris morbi non lectus aliquam sit amet');
insert into Customer_feedback (cust_id, feedback_id, feedback_date, feedback_time, feedback_content) values (149, 22, '2020-08-17', '20:06:21', 'pede lobortis ligula sit amet eleifend');
insert into Customer_feedback (cust_id, feedback_id, feedback_date, feedback_time, feedback_content) values (48, 23, '2022-11-23', '19:07:35', 'est phasellus sit amet erat nulla tempus vivamus');
insert into Customer_feedback (cust_id, feedback_id, feedback_date, feedback_time, feedback_content) values (74, 24, '2022-10-08', '5:33:37', 'ligula nec sem duis aliquam');
insert into Customer_feedback (cust_id, feedback_id, feedback_date, feedback_time, feedback_content) values (132, 25, '2021-01-25', '17:36:47', 'sem mauris laoreet ut rhoncus aliquet pulvinar sed');
insert into Customer_feedback (cust_id, feedback_id, feedback_date, feedback_time, feedback_content) values (86, 26, '2022-08-23', '9:28:25', 'amet eros suspendisse accumsan tortor quis turpis sed');
insert into Customer_feedback (cust_id, feedback_id, feedback_date, feedback_time, feedback_content) values (19, 27, '2022-07-28', '20:37:29', 'accumsan tortor quis turpis sed ante vivamus tortor');
insert into Customer_feedback (cust_id, feedback_id, feedback_date, feedback_time, feedback_content) values (143, 28, '2020-11-05', '9:57:06', 'platea dictumst maecenas ut massa quis augue');
insert into Customer_feedback (cust_id, feedback_id, feedback_date, feedback_time, feedback_content) values (52, 29, '2022-10-04', '8:46:11', 'parturient montes nascetur ridiculus mus etiam vel');
insert into Customer_feedback (cust_id, feedback_id, feedback_date, feedback_time, feedback_content) values (13, 30, '2020-03-04', '4:10:23', 'sit amet consectetuer adipiscing elit proin interdum mauris');
insert into Customer_feedback (cust_id, feedback_id, feedback_date, feedback_time, feedback_content) values (10, 31, '2020-11-25', '3:13:15', 'consequat metus sapien ut nunc vestibulum ante ipsum');
insert into Customer_feedback (cust_id, feedback_id, feedback_date, feedback_time, feedback_content) values (127, 32, '2022-02-03', '15:12:02', 'ante vivamus tortor duis mattis egestas metus');
insert into Customer_feedback (cust_id, feedback_id, feedback_date, feedback_time, feedback_content) values (48, 33, '2021-04-09', '10:38:37', 'praesent lectus vestibulum quam sapien varius');
insert into Customer_feedback (cust_id, feedback_id, feedback_date, feedback_time, feedback_content) values (46, 34, '2023-01-14', '22:08:42', 'non mauris morbi non lectus aliquam');
insert into Customer_feedback (cust_id, feedback_id, feedback_date, feedback_time, feedback_content) values (116, 35, '2020-11-03', '17:14:21', 'ligula sit amet eleifend pede');
insert into Customer_feedback (cust_id, feedback_id, feedback_date, feedback_time, feedback_content) values (2, 36, '2021-08-06', '19:18:39', 'venenatis turpis enim blandit mi');
insert into Customer_feedback (cust_id, feedback_id, feedback_date, feedback_time, feedback_content) values (27, 37, '2021-05-05', '6:30:58', 'feugiat et eros vestibulum ac est');
insert into Customer_feedback (cust_id, feedback_id, feedback_date, feedback_time, feedback_content) values (45, 38, '2021-04-04', '3:48:35', 'et tempus semper est quam pharetra magna');
insert into Customer_feedback (cust_id, feedback_id, feedback_date, feedback_time, feedback_content) values (139, 39, '2020-06-15', '11:59:30', 'volutpat dui maecenas tristique est et tempus');
insert into Customer_feedback (cust_id, feedback_id, feedback_date, feedback_time, feedback_content) values (32, 40, '2022-10-22', '4:55:19', 'dolor morbi vel lectus in quam');
insert into Customer_feedback (cust_id, feedback_id, feedback_date, feedback_time, feedback_content) values (85, 41, '2021-01-19', '3:42:57', 'in felis donec semper sapien a');
insert into Customer_feedback (cust_id, feedback_id, feedback_date, feedback_time, feedback_content) values (110, 42, '2023-01-19', '17:51:25', 'ut massa volutpat convallis morbi odio');
insert into Customer_feedback (cust_id, feedback_id, feedback_date, feedback_time, feedback_content) values (121, 43, '2022-10-24', '21:30:25', 'vestibulum rutrum rutrum neque aenean');
insert into Customer_feedback (cust_id, feedback_id, feedback_date, feedback_time, feedback_content) values (145, 44, '2020-07-30', '4:49:16', 'at turpis donec posuere metus vitae ipsum aliquam');
insert into Customer_feedback (cust_id, feedback_id, feedback_date, feedback_time, feedback_content) values (126, 45, '2022-11-22', '22:29:09', 'fusce consequat nulla nisl nunc nisl duis bibendum');
insert into Customer_feedback (cust_id, feedback_id, feedback_date, feedback_time, feedback_content) values (62, 46, '2022-02-11', '3:39:40', 'pede justo lacinia eget tincidunt eget tempus vel');
insert into Customer_feedback (cust_id, feedback_id, feedback_date, feedback_time, feedback_content) values (85, 47, '2020-07-06', '17:23:31', 'interdum venenatis turpis enim blandit mi in porttitor');
insert into Customer_feedback (cust_id, feedback_id, feedback_date, feedback_time, feedback_content) values (68, 48, '2021-06-24', '20:23:19', 'semper rutrum nulla nunc purus phasellus in');
insert into Customer_feedback (cust_id, feedback_id, feedback_date, feedback_time, feedback_content) values (142, 49, '2021-04-15', '6:49:16', 'pede ullamcorper augue a suscipit nulla elit');
insert into Customer_feedback (cust_id, feedback_id, feedback_date, feedback_time, feedback_content) values (106, 50, '2021-05-07', '0:04:08', 'ac leo pellentesque ultrices mattis odio');
insert into Customer_feedback (cust_id, feedback_id, feedback_date, feedback_time, feedback_content) values (26, 51, '2022-04-08', '21:55:53', 'sit amet nulla quisque arcu libero rutrum ac');
insert into Customer_feedback (cust_id, feedback_id, feedback_date, feedback_time, feedback_content) values (128, 52, '2022-10-19', '5:24:50', 'nulla mollis molestie lorem quisque ut');
insert into Customer_feedback (cust_id, feedback_id, feedback_date, feedback_time, feedback_content) values (94, 53, '2021-03-12', '8:09:59', 'integer a nibh in quis justo maecenas rhoncus');
insert into Customer_feedback (cust_id, feedback_id, feedback_date, feedback_time, feedback_content) values (79, 54, '2021-09-25', '12:31:22', 'erat tortor sollicitudin mi sit');
insert into Customer_feedback (cust_id, feedback_id, feedback_date, feedback_time, feedback_content) values (51, 55, '2020-05-27', '7:41:27', 'dui nec nisi volutpat eleifend');
insert into Customer_feedback (cust_id, feedback_id, feedback_date, feedback_time, feedback_content) values (102, 56, '2022-05-26', '19:16:23', 'ultrices posuere cubilia curae nulla dapibus');
insert into Customer_feedback (cust_id, feedback_id, feedback_date, feedback_time, feedback_content) values (137, 57, '2021-07-27', '12:37:31', 'sagittis sapien cum sociis natoque penatibus et');
insert into Customer_feedback (cust_id, feedback_id, feedback_date, feedback_time, feedback_content) values (58, 58, '2020-02-24', '13:30:51', 'sed ante vivamus tortor duis mattis');
insert into Customer_feedback (cust_id, feedback_id, feedback_date, feedback_time, feedback_content) values (38, 59, '2020-08-23', '15:21:33', 'ut massa volutpat convallis morbi odio');
insert into Customer_feedback (cust_id, feedback_id, feedback_date, feedback_time, feedback_content) values (17, 60, '2021-10-21', '10:44:15', 'suscipit nulla elit ac nulla');
insert into Customer_feedback (cust_id, feedback_id, feedback_date, feedback_time, feedback_content) values (117, 61, '2021-08-03', '6:00:01', 'donec posuere metus vitae ipsum aliquam');
insert into Customer_feedback (cust_id, feedback_id, feedback_date, feedback_time, feedback_content) values (105, 62, '2021-04-03', '13:37:19', 'nullam orci pede venenatis non sodales sed tincidunt');
insert into Customer_feedback (cust_id, feedback_id, feedback_date, feedback_time, feedback_content) values (57, 63, '2022-10-17', '12:59:40', 'at nulla suspendisse potenti cras in purus eu');
insert into Customer_feedback (cust_id, feedback_id, feedback_date, feedback_time, feedback_content) values (119, 64, '2022-07-29', '1:51:18', 'pulvinar nulla pede ullamcorper augue a');
insert into Customer_feedback (cust_id, feedback_id, feedback_date, feedback_time, feedback_content) values (113, 65, '2020-09-03', '19:05:51', 'libero ut massa volutpat convallis');
insert into Customer_feedback (cust_id, feedback_id, feedback_date, feedback_time, feedback_content) values (119, 66, '2022-05-28', '4:18:53', 'pretium quis lectus suspendisse potenti in eleifend quam');
insert into Customer_feedback (cust_id, feedback_id, feedback_date, feedback_time, feedback_content) values (90, 67, '2021-02-25', '3:12:58', 'tempor convallis nulla neque libero convallis');
insert into Customer_feedback (cust_id, feedback_id, feedback_date, feedback_time, feedback_content) values (81, 68, '2022-10-15', '16:17:26', 'a ipsum integer a nibh');
insert into Customer_feedback (cust_id, feedback_id, feedback_date, feedback_time, feedback_content) values (48, 69, '2021-07-13', '13:39:30', 'aliquam non mauris morbi non lectus aliquam');
insert into Customer_feedback (cust_id, feedback_id, feedback_date, feedback_time, feedback_content) values (26, 70, '2022-04-18', '4:34:20', 'aliquam convallis nunc proin at turpis');
insert into Customer_feedback (cust_id, feedback_id, feedback_date, feedback_time, feedback_content) values (30, 71, '2022-12-07', '11:13:24', 'convallis duis consequat dui nec nisi');
insert into Customer_feedback (cust_id, feedback_id, feedback_date, feedback_time, feedback_content) values (58, 72, '2023-01-07', '16:29:33', 'a odio in hac habitasse');
insert into Customer_feedback (cust_id, feedback_id, feedback_date, feedback_time, feedback_content) values (91, 73, '2021-01-22', '2:51:23', 'hac habitasse platea dictumst etiam faucibus cursus urna');
insert into Customer_feedback (cust_id, feedback_id, feedback_date, feedback_time, feedback_content) values (48, 74, '2021-06-11', '22:40:28', 'mauris vulputate elementum nullam varius nulla facilisi');
insert into Customer_feedback (cust_id, feedback_id, feedback_date, feedback_time, feedback_content) values (49, 75, '2021-02-07', '9:53:14', 'mus vivamus vestibulum sagittis sapien cum sociis natoque');
insert into Customer_feedback (cust_id, feedback_id, feedback_date, feedback_time, feedback_content) values (114, 76, '2022-11-15', '17:25:05', 'quam fringilla rhoncus mauris enim leo rhoncus');
insert into Customer_feedback (cust_id, feedback_id, feedback_date, feedback_time, feedback_content) values (24, 77, '2021-05-03', '18:17:47', 'libero rutrum ac lobortis vel');
insert into Customer_feedback (cust_id, feedback_id, feedback_date, feedback_time, feedback_content) values (148, 78, '2020-02-19', '14:56:33', 'ullamcorper augue a suscipit nulla elit ac nulla');
insert into Customer_feedback (cust_id, feedback_id, feedback_date, feedback_time, feedback_content) values (120, 79, '2020-02-12', '10:43:42', 'mauris sit amet eros suspendisse accumsan tortor');
insert into Customer_feedback (cust_id, feedback_id, feedback_date, feedback_time, feedback_content) values (76, 80, '2021-12-02', '17:49:45', 'posuere cubilia curae mauris viverra diam vitae');
insert into Customer_feedback (cust_id, feedback_id, feedback_date, feedback_time, feedback_content) values (140, 81, '2020-06-16', '17:30:25', 'porta volutpat erat quisque erat eros viverra eget');
insert into Customer_feedback (cust_id, feedback_id, feedback_date, feedback_time, feedback_content) values (25, 82, '2023-01-19', '21:15:38', 'mauris enim leo rhoncus sed vestibulum sit amet');
insert into Customer_feedback (cust_id, feedback_id, feedback_date, feedback_time, feedback_content) values (135, 83, '2022-07-05', '8:29:30', 'semper sapien a libero nam dui');
insert into Customer_feedback (cust_id, feedback_id, feedback_date, feedback_time, feedback_content) values (20, 84, '2023-01-14', '2:50:06', 'in imperdiet et commodo vulputate justo in');
insert into Customer_feedback (cust_id, feedback_id, feedback_date, feedback_time, feedback_content) values (93, 85, '2022-02-28', '19:57:38', 'quisque ut erat curabitur gravida');
insert into Customer_feedback (cust_id, feedback_id, feedback_date, feedback_time, feedback_content) values (145, 86, '2021-01-30', '4:46:37', 'rutrum at lorem integer tincidunt');
insert into Customer_feedback (cust_id, feedback_id, feedback_date, feedback_time, feedback_content) values (4, 87, '2020-04-08', '16:57:31', 'ac lobortis vel dapibus at diam nam tristique');
insert into Customer_feedback (cust_id, feedback_id, feedback_date, feedback_time, feedback_content) values (144, 88, '2021-01-27', '15:02:01', 'libero convallis eget eleifend luctus ultricies eu nibh');
insert into Customer_feedback (cust_id, feedback_id, feedback_date, feedback_time, feedback_content) values (27, 89, '2021-07-14', '6:39:40', 'eget eleifend luctus ultricies eu nibh quisque id');
insert into Customer_feedback (cust_id, feedback_id, feedback_date, feedback_time, feedback_content) values (4, 90, '2022-06-25', '10:03:08', 'aliquam augue quam sollicitudin vitae');
insert into Customer_feedback (cust_id, feedback_id, feedback_date, feedback_time, feedback_content) values (77, 91, '2021-10-31', '9:37:51', 'quisque erat eros viverra eget');
insert into Customer_feedback (cust_id, feedback_id, feedback_date, feedback_time, feedback_content) values (75, 92, '2021-04-21', '18:37:04', 'morbi sem mauris laoreet ut rhoncus');
insert into Customer_feedback (cust_id, feedback_id, feedback_date, feedback_time, feedback_content) values (5, 93, '2022-01-16', '2:03:12', 'vivamus in felis eu sapien');
insert into Customer_feedback (cust_id, feedback_id, feedback_date, feedback_time, feedback_content) values (87, 94, '2022-03-10', '10:03:15', 'quam nec dui luctus rutrum nulla tellus');
insert into Customer_feedback (cust_id, feedback_id, feedback_date, feedback_time, feedback_content) values (17, 95, '2020-06-11', '22:13:29', 'congue diam id ornare imperdiet sapien urna');
insert into Customer_feedback (cust_id, feedback_id, feedback_date, feedback_time, feedback_content) values (120, 96, '2023-01-31', '9:01:30', 'id turpis integer aliquet massa id');
insert into Customer_feedback (cust_id, feedback_id, feedback_date, feedback_time, feedback_content) values (73, 97, '2022-05-26', '5:44:51', 'tincidunt nulla mollis molestie lorem');
insert into Customer_feedback (cust_id, feedback_id, feedback_date, feedback_time, feedback_content) values (50, 98, '2020-05-31', '11:56:43', 'integer ac neque duis bibendum morbi');
insert into Customer_feedback (cust_id, feedback_id, feedback_date, feedback_time, feedback_content) values (44, 99, '2021-07-07', '23:40:18', 'posuere metus vitae ipsum aliquam non mauris');
insert into Customer_feedback (cust_id, feedback_id, feedback_date, feedback_time, feedback_content) values (118, 100, '2020-02-15', '10:11:12', 'faucibus cursus urna ut tellus nulla ut');

-- table employee

insert into Employee (emp_id, emp_fname, emp_lname, emp_role, emp_salary, email_id, dob, addr_str_no, addr_str_name, addr_city, addr_state, manager_emp_id, admin_id) values (1, 'Marlow', 'Squire', 'Manager', 89200, 'msquire0@java.com', '1998-09-26', '61643', 'Acker', 'Louisville', 'Kentucky', null, 1);
insert into Employee (emp_id, emp_fname, emp_lname, emp_role, emp_salary, email_id, dob, addr_str_no, addr_str_name, addr_city, addr_state, manager_emp_id, admin_id) values (2, 'Mair', 'Garland', 'Manager', 61200, 'mgarland1@tumblr.com', '1981-12-29', '5413', 'Sycamore', 'Duluth', 'Georgia', null, 2);
insert into Employee (emp_id, emp_fname, emp_lname, emp_role, emp_salary, email_id, dob, addr_str_no, addr_str_name, addr_city, addr_state, manager_emp_id, admin_id) values (3, 'Sayers', 'Incogna', 'Manager', 23600, 'sincogna2@pcworld.com', '1994-04-20', '02', 'Vernon', 'Fort Smith', 'Arkansas', null, 3);
insert into Employee (emp_id, emp_fname, emp_lname, emp_role, emp_salary, email_id, dob, addr_str_no, addr_str_name, addr_city, addr_state, manager_emp_id, admin_id) values (4, 'Winni', 'Cadreman', 'Manager', 86900, 'wcadreman3@wikispaces.com', '1990-07-31', '82401', 'Anderson', 'New York City', 'New York', null, 4);
insert into Employee (emp_id, emp_fname, emp_lname, emp_role, emp_salary, email_id, dob, addr_str_no, addr_str_name, addr_city, addr_state, manager_emp_id, admin_id) values (5, 'Desmond', 'Gotcliff', 'Manager', 61000, 'dgotcliff4@arizona.edu', '1993-02-25', '2', 'Roxbury', 'Riverside', 'California', null, 5);
insert into Employee (emp_id, emp_fname, emp_lname, emp_role, emp_salary, email_id, dob, addr_str_no, addr_str_name, addr_city, addr_state, manager_emp_id, admin_id) values (6, 'Kelly', 'Gilbank', 'Manager', 46300, 'kgilbank5@moonfruit.com', '1981-02-23', '6', 'Armistice', 'Bakersfield', 'California', null, 6);
insert into Employee (emp_id, emp_fname, emp_lname, emp_role, emp_salary, email_id, dob, addr_str_no, addr_str_name, addr_city, addr_state, manager_emp_id, admin_id) values (7, 'Shellie', 'Ragbourn', 'Manager', 23400, 'sragbourn6@usgs.gov', '1993-07-03', '17', 'Jackson', 'Tampa', 'Florida', null, 7);
insert into Employee (emp_id, emp_fname, emp_lname, emp_role, emp_salary, email_id, dob, addr_str_no, addr_str_name, addr_city, addr_state, manager_emp_id, admin_id) values (8, 'Betteann', 'Discombe', 'Manager', 82000, 'bdiscombe7@amazon.de', '1996-07-17', '8954', 'Farmco', 'Hialeah', 'Florida', null, 8);
insert into Employee (emp_id, emp_fname, emp_lname, emp_role, emp_salary, email_id, dob, addr_str_no, addr_str_name, addr_city, addr_state, manager_emp_id, admin_id) values (9, 'Jone', 'Bodicam', 'Manager', 26400, 'jbodicam8@weibo.com', '1984-10-13', '85623', 'Granby', 'Corpus Christi', 'Texas', null, 9);
insert into Employee (emp_id, emp_fname, emp_lname, emp_role, emp_salary, email_id, dob, addr_str_no, addr_str_name, addr_city, addr_state, manager_emp_id, admin_id) values (10, 'Helga', 'Arran', 'Manager', 19400, 'harran9@marriott.com', '1998-11-11', '6', 'Jenna', 'Charlotte', 'North Carolina', null, 10);
insert into Employee (emp_id, emp_fname, emp_lname, emp_role, emp_salary, email_id, dob, addr_str_no, addr_str_name, addr_city, addr_state, manager_emp_id, admin_id) values (11, 'Maison', 'Ruzicka', 'HR', 96100, 'mruzicka0@creativecommons.org', '1981-11-03', '879', 'Roth', 'Charleston', 'West Virginia', 7, 1);
insert into Employee (emp_id, emp_fname, emp_lname, emp_role, emp_salary, email_id, dob, addr_str_no, addr_str_name, addr_city, addr_state, manager_emp_id, admin_id) values (12, 'Ezechiel', 'Sewell', 'HR', 80400, 'esewell1@wikia.com', '1993-12-30', '1', 'Express', 'Youngstown', 'Ohio', 10, 2);
insert into Employee (emp_id, emp_fname, emp_lname, emp_role, emp_salary, email_id, dob, addr_str_no, addr_str_name, addr_city, addr_state, manager_emp_id, admin_id) values (13, 'Mercy', 'Casson', 'Customer Support', 85500, 'mcasson2@seattletimes.com', '1993-08-15', '92345', 'Comanche', 'Southfield', 'Michigan', 9, 3);
insert into Employee (emp_id, emp_fname, emp_lname, emp_role, emp_salary, email_id, dob, addr_str_no, addr_str_name, addr_city, addr_state, manager_emp_id, admin_id) values (14, 'Iolanthe', 'Widdows', 'HR', 45200, 'iwiddows3@naver.com', '1992-07-17', '3', 'Sunbrook', 'Battle Creek', 'Michigan', 2, 4);
insert into Employee (emp_id, emp_fname, emp_lname, emp_role, emp_salary, email_id, dob, addr_str_no, addr_str_name, addr_city, addr_state, manager_emp_id, admin_id) values (15, 'Ellery', 'Sturton', 'Customer Support', 59900, 'esturton4@fastcompany.com', '1987-01-08', '60', 'Norway Maple', 'Hartford', 'Connecticut', 9, 5);
insert into Employee (emp_id, emp_fname, emp_lname, emp_role, emp_salary, email_id, dob, addr_str_no, addr_str_name, addr_city, addr_state, manager_emp_id, admin_id) values (16, 'Mindy', 'Matyja', 'HR', 73400, 'mmatyja5@sohu.com', '1985-05-10', '5', 'Cardinal', 'Killeen', 'Texas', 9, 6);
insert into Employee (emp_id, emp_fname, emp_lname, emp_role, emp_salary, email_id, dob, addr_str_no, addr_str_name, addr_city, addr_state, manager_emp_id, admin_id) values (17, 'Truda', 'Tipple', 'HR', 81200, 'ttipple6@theglobeandmail.com', '1984-06-29', '28', 'Commercial', 'Pittsburgh', 'Pennsylvania', 10, 7);
insert into Employee (emp_id, emp_fname, emp_lname, emp_role, emp_salary, email_id, dob, addr_str_no, addr_str_name, addr_city, addr_state, manager_emp_id, admin_id) values (18, 'Jacki', 'Huster', 'Customer Support', 79500, 'jhuster7@ebay.co.uk', '1989-03-10', '9088', 'Marquette', 'Fort Worth', 'Texas', 5, 8);
insert into Employee (emp_id, emp_fname, emp_lname, emp_role, emp_salary, email_id, dob, addr_str_no, addr_str_name, addr_city, addr_state, manager_emp_id, admin_id) values (19, 'Easter', 'Bilbrook', 'Web Developer', 65200, 'ebilbrook8@prnewswire.com', '1992-01-15', '28', 'Hagan', 'London', 'Kentucky', 3, 9);
insert into Employee (emp_id, emp_fname, emp_lname, emp_role, emp_salary, email_id, dob, addr_str_no, addr_str_name, addr_city, addr_state, manager_emp_id, admin_id) values (20, 'Erastus', 'Potier', 'Customer Support', 43900, 'epotier9@infoseek.co.jp', '1997-11-25', '820', 'Westridge', 'Morgantown', 'West Virginia', 3, 10);
insert into Employee (emp_id, emp_fname, emp_lname, emp_role, emp_salary, email_id, dob, addr_str_no, addr_str_name, addr_city, addr_state, manager_emp_id, admin_id) values (21, 'Giana', 'Creaser', 'Web Developer', 22200, 'gcreasera@kickstarter.com', '1989-03-04', '569', 'Thompson', 'Tacoma', 'Washington', 3, 11);
insert into Employee (emp_id, emp_fname, emp_lname, emp_role, emp_salary, email_id, dob, addr_str_no, addr_str_name, addr_city, addr_state, manager_emp_id, admin_id) values (22, 'Derek', 'Pumfrett', 'Customer Support', 91200, 'dpumfrettb@howstuffworks.com', '1982-12-21', '7984', 'Dakota', 'San Diego', 'California', 5, 12);
insert into Employee (emp_id, emp_fname, emp_lname, emp_role, emp_salary, email_id, dob, addr_str_no, addr_str_name, addr_city, addr_state, manager_emp_id, admin_id) values (23, 'Maryanne', 'Aguirrezabal', 'Customer Support', 27700, 'maguirrezabalc@telegraph.co.uk', '1991-12-15', '88898', 'Fuller', 'Oklahoma City', 'Oklahoma', 7, 13);
insert into Employee (emp_id, emp_fname, emp_lname, emp_role, emp_salary, email_id, dob, addr_str_no, addr_str_name, addr_city, addr_state, manager_emp_id, admin_id) values (24, 'Perice', 'MacWilliam', 'HR', 27700, 'pmacwilliamd@hugedomains.com', '1991-07-29', '577', 'Morrow', 'Hialeah', 'Florida', 10, 14);
insert into Employee (emp_id, emp_fname, emp_lname, emp_role, emp_salary, email_id, dob, addr_str_no, addr_str_name, addr_city, addr_state, manager_emp_id, admin_id) values (25, 'Larine', 'Habron', 'Customer Support', 23700, 'lhabrone@dedecms.com', '1984-12-11', '809', 'Sommers', 'San Bernardino', 'California', 6, 15);
insert into Employee (emp_id, emp_fname, emp_lname, emp_role, emp_salary, email_id, dob, addr_str_no, addr_str_name, addr_city, addr_state, manager_emp_id, admin_id) values (26, 'Erhart', 'Lanchbury', 'Web Developer', 97300, 'elanchburyf@arizona.edu', '1986-11-22', '98', 'Carberry', 'Des Moines', 'Iowa', 2, 16);
insert into Employee (emp_id, emp_fname, emp_lname, emp_role, emp_salary, email_id, dob, addr_str_no, addr_str_name, addr_city, addr_state, manager_emp_id, admin_id) values (27, 'Antonino', 'Iwaszkiewicz', 'Customer Support', 57100, 'aiwaszkiewiczg@is.gd', '1982-04-27', '38', 'Schurz', 'Dallas', 'Texas', 7, 17);
insert into Employee (emp_id, emp_fname, emp_lname, emp_role, emp_salary, email_id, dob, addr_str_no, addr_str_name, addr_city, addr_state, manager_emp_id, admin_id) values (28, 'Amelie', 'Grist', 'HR', 16100, 'agristh@google.nl', '1988-06-02', '48198', 'International', 'Virginia Beach', 'Virginia', 10, 18);
insert into Employee (emp_id, emp_fname, emp_lname, emp_role, emp_salary, email_id, dob, addr_str_no, addr_str_name, addr_city, addr_state, manager_emp_id, admin_id) values (29, 'Brendin', 'Bockh', 'Web Developer', 21000, 'bbockhi@sitemeter.com', '1987-05-10', '6952', 'Golden Leaf', 'Fort Worth', 'Texas', 4, 19);
insert into Employee (emp_id, emp_fname, emp_lname, emp_role, emp_salary, email_id, dob, addr_str_no, addr_str_name, addr_city, addr_state, manager_emp_id, admin_id) values (30, 'Brandi', 'Garvey', 'Web Developer', 96800, 'bgarveyj@cpanel.net', '1985-02-26', '5', 'Spaight', 'Austin', 'Texas', 2, 20);
insert into Employee (emp_id, emp_fname, emp_lname, emp_role, emp_salary, email_id, dob, addr_str_no, addr_str_name, addr_city, addr_state, manager_emp_id, admin_id) values (31, 'Kassandra', 'Simonite', 'Customer Support', 98800, 'ksimonitek@timesonline.co.uk', '1982-01-25', '06715', '2nd', 'Cincinnati', 'Ohio', 7, 21);
insert into Employee (emp_id, emp_fname, emp_lname, emp_role, emp_salary, email_id, dob, addr_str_no, addr_str_name, addr_city, addr_state, manager_emp_id, admin_id) values (32, 'Kendal', 'Davio', 'HR', 71100, 'kdaviol@guardian.co.uk', '1987-07-07', '8470', 'Longview', 'Sioux City', 'Iowa', 5, 22);
insert into Employee (emp_id, emp_fname, emp_lname, emp_role, emp_salary, email_id, dob, addr_str_no, addr_str_name, addr_city, addr_state, manager_emp_id, admin_id) values (33, 'Cathrine', 'Sopper', 'HR', 86900, 'csopperm@multiply.com', '1998-05-11', '111', 'Waywood', 'Kansas City', 'Missouri', 9, 23);
insert into Employee (emp_id, emp_fname, emp_lname, emp_role, emp_salary, email_id, dob, addr_str_no, addr_str_name, addr_city, addr_state, manager_emp_id, admin_id) values (34, 'Ches', 'Proudley', 'Web Developer', 82700, 'cproudleyn@sfgate.com', '1983-07-27', '0', 'Summer Ridge', 'Washington', 'District of Columbia', 3, 24);
insert into Employee (emp_id, emp_fname, emp_lname, emp_role, emp_salary, email_id, dob, addr_str_no, addr_str_name, addr_city, addr_state, manager_emp_id, admin_id) values (35, 'Aridatha', 'Cocozza', 'Customer Support', 18900, 'acocozzao@theglobeandmail.com', '1982-01-02', '02630', 'Warbler', 'Boise', 'Idaho', 7, 25);
insert into Employee (emp_id, emp_fname, emp_lname, emp_role, emp_salary, email_id, dob, addr_str_no, addr_str_name, addr_city, addr_state, manager_emp_id, admin_id) values (36, 'Dar', 'Como', 'Customer Support', 43600, 'dcomop@omniture.com', '1993-06-16', '579', 'Monument', 'Augusta', 'Georgia', 5, 26);
insert into Employee (emp_id, emp_fname, emp_lname, emp_role, emp_salary, email_id, dob, addr_str_no, addr_str_name, addr_city, addr_state, manager_emp_id, admin_id) values (37, 'Maryl', 'Obell', 'Customer Support', 84300, 'mobellq@sun.com', '1983-02-12', '682', 'Pearson', 'Monticello', 'Minnesota', 1, 27);
insert into Employee (emp_id, emp_fname, emp_lname, emp_role, emp_salary, email_id, dob, addr_str_no, addr_str_name, addr_city, addr_state, manager_emp_id, admin_id) values (38, 'Carey', 'Lovelace', 'Web Developer', 97000, 'clovelacer@yale.edu', '1984-11-11', '0', 'Pond', 'Saint Paul', 'Minnesota', 4, 28);
insert into Employee (emp_id, emp_fname, emp_lname, emp_role, emp_salary, email_id, dob, addr_str_no, addr_str_name, addr_city, addr_state, manager_emp_id, admin_id) values (39, 'Leupold', 'Banville', 'Customer Support', 83200, 'lbanvilles@jiathis.com', '1995-12-27', '562', 'Kennedy', 'Athens', 'Georgia', 3, 29);
insert into Employee (emp_id, emp_fname, emp_lname, emp_role, emp_salary, email_id, dob, addr_str_no, addr_str_name, addr_city, addr_state, manager_emp_id, admin_id) values (40, 'Lee', 'Durtnall', 'HR', 70100, 'ldurtnallt@slashdot.org', '1987-06-27', '48534', 'Lake View', 'New Haven', 'Connecticut', 7, 30);
insert into Employee (emp_id, emp_fname, emp_lname, emp_role, emp_salary, email_id, dob, addr_str_no, addr_str_name, addr_city, addr_state, manager_emp_id, admin_id) values (41, 'Simeon', 'Smidmore', 'Web Developer', 77600, 'ssmidmoreu@harvard.edu', '1985-01-17', '507', 'Shasta', 'Las Vegas', 'Nevada', 7, 31);
insert into Employee (emp_id, emp_fname, emp_lname, emp_role, emp_salary, email_id, dob, addr_str_no, addr_str_name, addr_city, addr_state, manager_emp_id, admin_id) values (42, 'Mac', 'Roony', 'HR', 30800, 'mroonyv@is.gd', '1984-04-19', '0', 'Loftsgordon', 'Sacramento', 'California', 8, 32);
insert into Employee (emp_id, emp_fname, emp_lname, emp_role, emp_salary, email_id, dob, addr_str_no, addr_str_name, addr_city, addr_state, manager_emp_id, admin_id) values (43, 'Corabella', 'Blinerman', 'Customer Support', 94700, 'cblinermanw@mayoclinic.com', '1998-06-05', '70', 'Elgar', 'Grand Rapids', 'Michigan', 2, 33);
insert into Employee (emp_id, emp_fname, emp_lname, emp_role, emp_salary, email_id, dob, addr_str_no, addr_str_name, addr_city, addr_state, manager_emp_id, admin_id) values (44, 'Fax', 'Courtese', 'Web Developer', 48300, 'fcourtesex@ycombinator.com', '1985-11-08', '43252', 'Meadow Valley', 'Colorado Springs', 'Colorado', 5, 34);
insert into Employee (emp_id, emp_fname, emp_lname, emp_role, emp_salary, email_id, dob, addr_str_no, addr_str_name, addr_city, addr_state, manager_emp_id, admin_id) values (45, 'Bevan', 'Simonou', 'HR', 45200, 'bsimonouy@amazonaws.com', '1999-09-17', '10', 'Vermont', 'Denver', 'Colorado', 7, 35);
insert into Employee (emp_id, emp_fname, emp_lname, emp_role, emp_salary, email_id, dob, addr_str_no, addr_str_name, addr_city, addr_state, manager_emp_id, admin_id) values (46, 'Amy', 'Brolechan', 'Customer Support', 61800, 'abrolechanz@mozilla.com', '1988-07-16', '69', 'Westend', 'Rochester', 'New York', 4, 36);
insert into Employee (emp_id, emp_fname, emp_lname, emp_role, emp_salary, email_id, dob, addr_str_no, addr_str_name, addr_city, addr_state, manager_emp_id, admin_id) values (47, 'Stacy', 'Saunton', 'Customer Support', 40100, 'ssaunton10@gov.uk', '1996-06-22', '8329', 'Eastwood', 'Lancaster', 'Pennsylvania', 7, 37);
insert into Employee (emp_id, emp_fname, emp_lname, emp_role, emp_salary, email_id, dob, addr_str_no, addr_str_name, addr_city, addr_state, manager_emp_id, admin_id) values (48, 'Eward', 'Burhill', 'Customer Support', 75500, 'eburhill11@infoseek.co.jp', '1982-08-12', '59496', 'Fallview', 'Flushing', 'New York', 4, 38);
insert into Employee (emp_id, emp_fname, emp_lname, emp_role, emp_salary, email_id, dob, addr_str_no, addr_str_name, addr_city, addr_state, manager_emp_id, admin_id) values (49, 'Jenine', 'Tailby', 'Customer Support', 52500, 'jtailby12@google.it', '1990-04-22', '5', 'Surrey', 'Reno', 'Nevada', 3, 39);
insert into Employee (emp_id, emp_fname, emp_lname, emp_role, emp_salary, email_id, dob, addr_str_no, addr_str_name, addr_city, addr_state, manager_emp_id, admin_id) values (50, 'Gaby', 'Rottger', 'Customer Support', 35000, 'grottger13@topsy.com', '1993-04-12', '080', 'Banding', 'Washington', 'District of Columbia', 10, 40);
insert into Employee (emp_id, emp_fname, emp_lname, emp_role, emp_salary, email_id, dob, addr_str_no, addr_str_name, addr_city, addr_state, manager_emp_id, admin_id) values (51, 'Branden', 'Penylton', 'Web Developer', 26100, 'bpenylton14@whitehouse.gov', '1983-08-30', '9208', 'Maple Wood', 'Saint Louis', 'Missouri', 2, 41);
insert into Employee (emp_id, emp_fname, emp_lname, emp_role, emp_salary, email_id, dob, addr_str_no, addr_str_name, addr_city, addr_state, manager_emp_id, admin_id) values (52, 'Lianne', 'Stanistrete', 'Web Developer', 87500, 'lstanistrete15@alexa.com', '1989-07-06', '7926', 'Dakota', 'Pittsburgh', 'Pennsylvania', 4, 42);
insert into Employee (emp_id, emp_fname, emp_lname, emp_role, emp_salary, email_id, dob, addr_str_no, addr_str_name, addr_city, addr_state, manager_emp_id, admin_id) values (53, 'Erasmus', 'Franz-Schoninger', 'HR', 41900, 'efranzschoninger16@narod.ru', '1981-08-16', '01', 'Lillian', 'Oklahoma City', 'Oklahoma', 10, 43);
insert into Employee (emp_id, emp_fname, emp_lname, emp_role, emp_salary, email_id, dob, addr_str_no, addr_str_name, addr_city, addr_state, manager_emp_id, admin_id) values (54, 'Sabine', 'Blockley', 'HR', 13000, 'sblockley17@comsenz.com', '1992-02-21', '9', 'Maryland', 'Iowa City', 'Iowa', 10, 44);
insert into Employee (emp_id, emp_fname, emp_lname, emp_role, emp_salary, email_id, dob, addr_str_no, addr_str_name, addr_city, addr_state, manager_emp_id, admin_id) values (55, 'Grange', 'Greeding', 'Web Developer', 77500, 'ggreeding18@wp.com', '1984-12-01', '8', 'Moulton', 'Peoria', 'Illinois', 1, 45);
insert into Employee (emp_id, emp_fname, emp_lname, emp_role, emp_salary, email_id, dob, addr_str_no, addr_str_name, addr_city, addr_state, manager_emp_id, admin_id) values (56, 'Tonnie', 'Castiello', 'HR', 56100, 'tcastiello19@cafepress.com', '1995-12-24', '388', 'Muir', 'Tucson', 'Arizona', 4, 46);
insert into Employee (emp_id, emp_fname, emp_lname, emp_role, emp_salary, email_id, dob, addr_str_no, addr_str_name, addr_city, addr_state, manager_emp_id, admin_id) values (57, 'Germain', 'Edmondson', 'Web Developer', 14100, 'gedmondson1a@yolasite.com', '1997-10-11', '3', 'Westend', 'Terre Haute', 'Indiana', 2, 47);
insert into Employee (emp_id, emp_fname, emp_lname, emp_role, emp_salary, email_id, dob, addr_str_no, addr_str_name, addr_city, addr_state, manager_emp_id, admin_id) values (58, 'Mateo', 'Lonnon', 'HR', 32900, 'mlonnon1b@prnewswire.com', '1996-04-26', '5', 'Kingsford', 'Phoenix', 'Arizona', 2, 48);
insert into Employee (emp_id, emp_fname, emp_lname, emp_role, emp_salary, email_id, dob, addr_str_no, addr_str_name, addr_city, addr_state, manager_emp_id, admin_id) values (59, 'Dudley', 'Tredwell', 'Web Developer', 62900, 'dtredwell1c@a8.net', '1995-03-06', '44', 'Charing Cross', 'Washington', 'District of Columbia', 6, 49);
insert into Employee (emp_id, emp_fname, emp_lname, emp_role, emp_salary, email_id, dob, addr_str_no, addr_str_name, addr_city, addr_state, manager_emp_id, admin_id) values (60, 'Doreen', 'Desport', 'Web Developer', 33900, 'ddesport1d@constantcontact.com', '1990-05-18', '3720', 'Carpenter', 'Anderson', 'Indiana', 10, 50);
insert into Employee (emp_id, emp_fname, emp_lname, emp_role, emp_salary, email_id, dob, addr_str_no, addr_str_name, addr_city, addr_state, manager_emp_id, admin_id) values (61, 'Elita', 'Simone', 'Web Developer', 39300, 'esimone1e@seesaa.net', '1991-06-20', '1', 'Mccormick', 'New York City', 'New York', 9, 51);
insert into Employee (emp_id, emp_fname, emp_lname, emp_role, emp_salary, email_id, dob, addr_str_no, addr_str_name, addr_city, addr_state, manager_emp_id, admin_id) values (62, 'Annecorinne', 'Muldowney', 'HR', 44300, 'amuldowney1f@reference.com', '1980-06-10', '67', 'Kropf', 'Springfield', 'Virginia', 8, 52);
insert into Employee (emp_id, emp_fname, emp_lname, emp_role, emp_salary, email_id, dob, addr_str_no, addr_str_name, addr_city, addr_state, manager_emp_id, admin_id) values (63, 'Cacilia', 'Conen', 'HR', 15000, 'cconen1g@booking.com', '1998-11-27', '4835', 'Graedel', 'Jamaica', 'New York', 4, 53);
insert into Employee (emp_id, emp_fname, emp_lname, emp_role, emp_salary, email_id, dob, addr_str_no, addr_str_name, addr_city, addr_state, manager_emp_id, admin_id) values (64, 'Eugine', 'Akam', 'HR', 74000, 'eakam1h@123-reg.co.uk', '1983-07-15', '39120', 'Drewry', 'Philadelphia', 'Pennsylvania', 9, 54);
insert into Employee (emp_id, emp_fname, emp_lname, emp_role, emp_salary, email_id, dob, addr_str_no, addr_str_name, addr_city, addr_state, manager_emp_id, admin_id) values (65, 'Eda', 'Cliff', 'HR', 23100, 'ecliff1i@tiny.cc', '1985-01-02', '13', 'Ramsey', 'San Angelo', 'Texas', 1, 55);
insert into Employee (emp_id, emp_fname, emp_lname, emp_role, emp_salary, email_id, dob, addr_str_no, addr_str_name, addr_city, addr_state, manager_emp_id, admin_id) values (66, 'Bryant', 'Neill', 'Web Developer', 96500, 'bneill1j@cocolog-nifty.com', '1984-01-13', '3140', 'Riverside', 'Corpus Christi', 'Texas', 1, 56);
insert into Employee (emp_id, emp_fname, emp_lname, emp_role, emp_salary, email_id, dob, addr_str_no, addr_str_name, addr_city, addr_state, manager_emp_id, admin_id) values (67, 'Nancee', 'Janny', 'Customer Support', 69600, 'njanny1k@constantcontact.com', '1983-09-03', '0', 'Portage', 'Fayetteville', 'North Carolina', 2, 57);
insert into Employee (emp_id, emp_fname, emp_lname, emp_role, emp_salary, email_id, dob, addr_str_no, addr_str_name, addr_city, addr_state, manager_emp_id, admin_id) values (68, 'Iolande', 'Service', 'Web Developer', 91800, 'iservice1l@posterous.com', '1988-11-02', '0', 'Summerview', 'Charlotte', 'North Carolina', 1, 58);
insert into Employee (emp_id, emp_fname, emp_lname, emp_role, emp_salary, email_id, dob, addr_str_no, addr_str_name, addr_city, addr_state, manager_emp_id, admin_id) values (69, 'Kennith', 'Eskrigg', 'Customer Support', 73100, 'keskrigg1m@kickstarter.com', '1985-07-19', '6349', 'Pankratz', 'Philadelphia', 'Pennsylvania', 10, 59);
insert into Employee (emp_id, emp_fname, emp_lname, emp_role, emp_salary, email_id, dob, addr_str_no, addr_str_name, addr_city, addr_state, manager_emp_id, admin_id) values (70, 'Lissie', 'Chesher', 'Customer Support', 10200, 'lchesher1n@aol.com', '1993-08-16', '637', 'Fulton', 'Salt Lake City', 'Utah', 2, 60);
insert into Employee (emp_id, emp_fname, emp_lname, emp_role, emp_salary, email_id, dob, addr_str_no, addr_str_name, addr_city, addr_state, manager_emp_id, admin_id) values (71, 'Mathilda', 'Genese', 'Customer Support', 52700, 'mgenese1o@theguardian.com', '1996-04-29', '1800', 'Sullivan', 'Detroit', 'Michigan', 7, 61);
insert into Employee (emp_id, emp_fname, emp_lname, emp_role, emp_salary, email_id, dob, addr_str_no, addr_str_name, addr_city, addr_state, manager_emp_id, admin_id) values (72, 'Tristam', 'Laise', 'HR', 86200, 'tlaise1p@goodreads.com', '1993-05-23', '630', 'Warbler', 'Hartford', 'Connecticut', 4, 62);
insert into Employee (emp_id, emp_fname, emp_lname, emp_role, emp_salary, email_id, dob, addr_str_no, addr_str_name, addr_city, addr_state, manager_emp_id, admin_id) values (73, 'Marshall', 'James', 'Customer Support', 19900, 'mjames1q@timesonline.co.uk', '1986-09-06', '63888', 'Northland', 'Brooklyn', 'New York', 9, 63);
insert into Employee (emp_id, emp_fname, emp_lname, emp_role, emp_salary, email_id, dob, addr_str_no, addr_str_name, addr_city, addr_state, manager_emp_id, admin_id) values (74, 'Bobinette', 'Tidmas', 'Web Developer', 51000, 'btidmas1r@hibu.com', '1982-01-30', '5439', 'Lindbergh', 'Lawrenceville', 'Georgia', 10, 64);
insert into Employee (emp_id, emp_fname, emp_lname, emp_role, emp_salary, email_id, dob, addr_str_no, addr_str_name, addr_city, addr_state, manager_emp_id, admin_id) values (75, 'Heriberto', 'Strelitz', 'HR', 11100, 'hstrelitz1s@hexun.com', '1981-07-11', '19', 'Carioca', 'Sioux City', 'Iowa', 1, 65);
insert into Employee (emp_id, emp_fname, emp_lname, emp_role, emp_salary, email_id, dob, addr_str_no, addr_str_name, addr_city, addr_state, manager_emp_id, admin_id) values (76, 'Kareem', 'Gatland', 'Customer Support', 55600, 'kgatland1t@state.tx.us', '1998-12-16', '08570', 'Corry', 'Atlanta', 'Georgia', 7, 66);
insert into Employee (emp_id, emp_fname, emp_lname, emp_role, emp_salary, email_id, dob, addr_str_no, addr_str_name, addr_city, addr_state, manager_emp_id, admin_id) values (77, 'Arv', 'Duthie', 'Web Developer', 92300, 'aduthie1u@flavors.me', '1982-08-28', '2005', 'Corben', 'Lansing', 'Michigan', 5, 67);
insert into Employee (emp_id, emp_fname, emp_lname, emp_role, emp_salary, email_id, dob, addr_str_no, addr_str_name, addr_city, addr_state, manager_emp_id, admin_id) values (78, 'Georgia', 'Chess', 'HR', 51100, 'gchess1v@behance.net', '1989-10-12', '545', 'Maple', 'Delray Beach', 'Florida', 10, 68);
insert into Employee (emp_id, emp_fname, emp_lname, emp_role, emp_salary, email_id, dob, addr_str_no, addr_str_name, addr_city, addr_state, manager_emp_id, admin_id) values (79, 'Aldis', 'Boatman', 'HR', 85300, 'aboatman1w@51.la', '1998-11-19', '277', 'Ridgeway', 'Glendale', 'California', 3, 69);
insert into Employee (emp_id, emp_fname, emp_lname, emp_role, emp_salary, email_id, dob, addr_str_no, addr_str_name, addr_city, addr_state, manager_emp_id, admin_id) values (80, 'Reeta', 'Farnell', 'HR', 46900, 'rfarnell1x@miibeian.gov.cn', '1996-06-14', '1', 'Holmberg', 'Denver', 'Colorado', 9, 70);
insert into Employee (emp_id, emp_fname, emp_lname, emp_role, emp_salary, email_id, dob, addr_str_no, addr_str_name, addr_city, addr_state, manager_emp_id, admin_id) values (81, 'Hyacinth', 'Wakerley', 'Customer Support', 74300, 'hwakerley1y@soundcloud.com', '1981-06-24', '27304', 'Summerview', 'Jackson', 'Mississippi', 4, 71);
insert into Employee (emp_id, emp_fname, emp_lname, emp_role, emp_salary, email_id, dob, addr_str_no, addr_str_name, addr_city, addr_state, manager_emp_id, admin_id) values (82, 'Inger', 'Holywell', 'HR', 76500, 'iholywell1z@flickr.com', '1984-10-06', '906', 'Ridgeview', 'Denton', 'Texas', 2, 72);
insert into Employee (emp_id, emp_fname, emp_lname, emp_role, emp_salary, email_id, dob, addr_str_no, addr_str_name, addr_city, addr_state, manager_emp_id, admin_id) values (83, 'Velvet', 'Lawland', 'Customer Support', 10700, 'vlawland20@google.fr', '1982-01-05', '98597', 'Westport', 'Salt Lake City', 'Utah', 1, 73);
insert into Employee (emp_id, emp_fname, emp_lname, emp_role, emp_salary, email_id, dob, addr_str_no, addr_str_name, addr_city, addr_state, manager_emp_id, admin_id) values (84, 'Jorie', 'Rampage', 'HR', 50100, 'jrampage21@unesco.org', '1983-12-26', '94', 'Meadow Ridge', 'Young America', 'Minnesota', 5, 74);
insert into Employee (emp_id, emp_fname, emp_lname, emp_role, emp_salary, email_id, dob, addr_str_no, addr_str_name, addr_city, addr_state, manager_emp_id, admin_id) values (85, 'Douglas', 'Strute', 'Web Developer', 44900, 'dstrute22@hao123.com', '1999-08-06', '477', 'Commercial', 'Columbus', 'Georgia', 8, 75);
insert into Employee (emp_id, emp_fname, emp_lname, emp_role, emp_salary, email_id, dob, addr_str_no, addr_str_name, addr_city, addr_state, manager_emp_id, admin_id) values (86, 'Cassius', 'O''Hear', 'Web Developer', 94800, 'cohear23@hubpages.com', '1980-07-11', '40497', 'Montana', 'Fort Worth', 'Texas', 4, 76);
insert into Employee (emp_id, emp_fname, emp_lname, emp_role, emp_salary, email_id, dob, addr_str_no, addr_str_name, addr_city, addr_state, manager_emp_id, admin_id) values (87, 'Hynda', 'Toffaloni', 'Web Developer', 68000, 'htoffaloni24@nifty.com', '1995-04-10', '4420', 'Helena', 'Saint Joseph', 'Missouri', 5, 77);
insert into Employee (emp_id, emp_fname, emp_lname, emp_role, emp_salary, email_id, dob, addr_str_no, addr_str_name, addr_city, addr_state, manager_emp_id, admin_id) values (88, 'Petey', 'Trynor', 'Web Developer', 54600, 'ptrynor25@dyndns.org', '1988-10-03', '622', 'Jackson', 'Peoria', 'Illinois', 5, 78);
insert into Employee (emp_id, emp_fname, emp_lname, emp_role, emp_salary, email_id, dob, addr_str_no, addr_str_name, addr_city, addr_state, manager_emp_id, admin_id) values (89, 'Polly', 'Kondrat', 'Web Developer', 11000, 'pkondrat26@alibaba.com', '1985-05-27', '1', 'Derek', 'Brooklyn', 'New York', 10, 79);
insert into Employee (emp_id, emp_fname, emp_lname, emp_role, emp_salary, email_id, dob, addr_str_no, addr_str_name, addr_city, addr_state, manager_emp_id, admin_id) values (90, 'Bob', 'Hynes', 'Customer Support', 96700, 'bhynes27@taobao.com', '1989-06-29', '68', 'Haas', 'Cincinnati', 'Ohio', 2, 80);
insert into Employee (emp_id, emp_fname, emp_lname, emp_role, emp_salary, email_id, dob, addr_str_no, addr_str_name, addr_city, addr_state, manager_emp_id, admin_id) values (91, 'Garold', 'Thickett', 'HR', 97000, 'gthickett28@businessweek.com', '1993-06-03', '061', 'David', 'West Palm Beach', 'Florida', 8, 81);
insert into Employee (emp_id, emp_fname, emp_lname, emp_role, emp_salary, email_id, dob, addr_str_no, addr_str_name, addr_city, addr_state, manager_emp_id, admin_id) values (92, 'Farley', 'Beilby', 'Web Developer', 47900, 'fbeilby29@weibo.com', '1988-02-29', '78', 'Schlimgen', 'Salt Lake City', 'Utah', 5, 82);
insert into Employee (emp_id, emp_fname, emp_lname, emp_role, emp_salary, email_id, dob, addr_str_no, addr_str_name, addr_city, addr_state, manager_emp_id, admin_id) values (93, 'Eleonore', 'Lavender', 'Web Developer', 84700, 'elavender2a@shop-pro.jp', '1995-05-19', '65', 'Eggendart', 'Fort Lauderdale', 'Florida', 2, 83);
insert into Employee (emp_id, emp_fname, emp_lname, emp_role, emp_salary, email_id, dob, addr_str_no, addr_str_name, addr_city, addr_state, manager_emp_id, admin_id) values (94, 'Amata', 'Works', 'HR', 55900, 'aworks2b@github.com', '1981-08-11', '696', 'Meadow Vale', 'Lexington', 'Kentucky', 9, 84);
insert into Employee (emp_id, emp_fname, emp_lname, emp_role, emp_salary, email_id, dob, addr_str_no, addr_str_name, addr_city, addr_state, manager_emp_id, admin_id) values (95, 'Phillis', 'Bonfield', 'Web Developer', 39000, 'pbonfield2c@wikimedia.org', '1993-01-06', '86293', 'Stuart', 'Delray Beach', 'Florida', 2, 85);
insert into Employee (emp_id, emp_fname, emp_lname, emp_role, emp_salary, email_id, dob, addr_str_no, addr_str_name, addr_city, addr_state, manager_emp_id, admin_id) values (96, 'Tamarra', 'Ennew', 'HR', 53100, 'tennew2d@va.gov', '1985-01-07', '79060', 'Aberg', 'El Paso', 'Texas', 8, 86);
insert into Employee (emp_id, emp_fname, emp_lname, emp_role, emp_salary, email_id, dob, addr_str_no, addr_str_name, addr_city, addr_state, manager_emp_id, admin_id) values (97, 'Linette', 'Yven', 'HR', 31400, 'lyven2e@taobao.com', '1999-06-01', '668', 'Bashford', 'North Hollywood', 'California', 5, 87);
insert into Employee (emp_id, emp_fname, emp_lname, emp_role, emp_salary, email_id, dob, addr_str_no, addr_str_name, addr_city, addr_state, manager_emp_id, admin_id) values (98, 'Hinda', 'Fiddymont', 'Web Developer', 39300, 'hfiddymont2f@oaic.gov.au', '1995-09-06', '20', 'Hagan', 'Fort Worth', 'Texas', 7, 88);
insert into Employee (emp_id, emp_fname, emp_lname, emp_role, emp_salary, email_id, dob, addr_str_no, addr_str_name, addr_city, addr_state, manager_emp_id, admin_id) values (99, 'Maryjane', 'Dunridge', 'Customer Support', 67600, 'mdunridge2g@weebly.com', '1996-01-22', '9', 'Leroy', 'Brooklyn', 'New York', 1, 89);
insert into Employee (emp_id, emp_fname, emp_lname, emp_role, emp_salary, email_id, dob, addr_str_no, addr_str_name, addr_city, addr_state, manager_emp_id, admin_id) values (100, 'Ladonna', 'Pawlowicz', 'Web Developer', 39600, 'lpawlowicz2h@comsenz.com', '1987-05-10', '713', 'Briar Crest', 'Hampton', 'Virginia', 10, 90);

-- table empl_phno

insert into employee_phone_no (emp_id, phone_no) values (1, '7287483979');
insert into employee_phone_no (emp_id, phone_no) values (2, '3827035562');
insert into employee_phone_no (emp_id, phone_no) values (3, '1345139023');
insert into employee_phone_no (emp_id, phone_no) values (4, '1195548624');
insert into employee_phone_no (emp_id, phone_no) values (5, '5231630168');
insert into employee_phone_no (emp_id, phone_no) values (6, '9572019552');
insert into employee_phone_no (emp_id, phone_no) values (7, '3355604001');
insert into employee_phone_no (emp_id, phone_no) values (8, '8404876487');
insert into employee_phone_no (emp_id, phone_no) values (9, '1002880157');
insert into employee_phone_no (emp_id, phone_no) values (10, '1553539925');
insert into employee_phone_no (emp_id, phone_no) values (11, '1933106945');
insert into employee_phone_no (emp_id, phone_no) values (12, '7325671465');
insert into employee_phone_no (emp_id, phone_no) values (13, '4302643737');
insert into employee_phone_no (emp_id, phone_no) values (14, '5591114332');
insert into employee_phone_no (emp_id, phone_no) values (15, '8226477056');
insert into employee_phone_no (emp_id, phone_no) values (16, '3825209972');
insert into employee_phone_no (emp_id, phone_no) values (17, '7053535917');
insert into employee_phone_no (emp_id, phone_no) values (18, '6978281635');
insert into employee_phone_no (emp_id, phone_no) values (19, '6173949803');
insert into employee_phone_no (emp_id, phone_no) values (20, '9687172910');
insert into employee_phone_no (emp_id, phone_no) values (21, '9059401840');
insert into employee_phone_no (emp_id, phone_no) values (22, '7869455171');
insert into employee_phone_no (emp_id, phone_no) values (23, '6358764421');
insert into employee_phone_no (emp_id, phone_no) values (24, '9934995684');
insert into employee_phone_no (emp_id, phone_no) values (25, '8812137893');
insert into employee_phone_no (emp_id, phone_no) values (26, '3659512166');
insert into employee_phone_no (emp_id, phone_no) values (27, '9839655411');
insert into employee_phone_no (emp_id, phone_no) values (28, '1274163693');
insert into employee_phone_no (emp_id, phone_no) values (29, '5546598385');
insert into employee_phone_no (emp_id, phone_no) values (30, '7949422975');
insert into employee_phone_no (emp_id, phone_no) values (31, '6837309750');
insert into employee_phone_no (emp_id, phone_no) values (32, '2769101304');
insert into employee_phone_no (emp_id, phone_no) values (33, '7016097094');
insert into employee_phone_no (emp_id, phone_no) values (34, '9819387138');
insert into employee_phone_no (emp_id, phone_no) values (35, '6888922169');
insert into employee_phone_no (emp_id, phone_no) values (36, '5429793097');
insert into employee_phone_no (emp_id, phone_no) values (37, '5978029271');
insert into employee_phone_no (emp_id, phone_no) values (38, '7004411244');
insert into employee_phone_no (emp_id, phone_no) values (39, '5101666025');
insert into employee_phone_no (emp_id, phone_no) values (40, '9363227447');
insert into employee_phone_no (emp_id, phone_no) values (41, '1175286777');
insert into employee_phone_no (emp_id, phone_no) values (42, '6846269127');
insert into employee_phone_no (emp_id, phone_no) values (43, '5616462784');
insert into employee_phone_no (emp_id, phone_no) values (44, '5874747957');
insert into employee_phone_no (emp_id, phone_no) values (45, '9461617747');
insert into employee_phone_no (emp_id, phone_no) values (46, '9174671495');
insert into employee_phone_no (emp_id, phone_no) values (47, '6786552023');
insert into employee_phone_no (emp_id, phone_no) values (48, '5954920319');
insert into employee_phone_no (emp_id, phone_no) values (49, '4412121770');
insert into employee_phone_no (emp_id, phone_no) values (50, '4353224345');
insert into employee_phone_no (emp_id, phone_no) values (51, '5711519626');
insert into employee_phone_no (emp_id, phone_no) values (52, '2252720677');
insert into employee_phone_no (emp_id, phone_no) values (53, '1621020121');
insert into employee_phone_no (emp_id, phone_no) values (54, '6321922956');
insert into employee_phone_no (emp_id, phone_no) values (55, '3463205902');
insert into employee_phone_no (emp_id, phone_no) values (56, '5902579561');
insert into employee_phone_no (emp_id, phone_no) values (57, '2749826222');
insert into employee_phone_no (emp_id, phone_no) values (58, '1302890868');
insert into employee_phone_no (emp_id, phone_no) values (59, '2865532720');
insert into employee_phone_no (emp_id, phone_no) values (60, '2843033007');
insert into employee_phone_no (emp_id, phone_no) values (61, '2442797507');
insert into employee_phone_no (emp_id, phone_no) values (62, '3519328591');
insert into employee_phone_no (emp_id, phone_no) values (63, '5544711645');
insert into employee_phone_no (emp_id, phone_no) values (64, '5216009923');
insert into employee_phone_no (emp_id, phone_no) values (65, '8903249010');
insert into employee_phone_no (emp_id, phone_no) values (66, '6455111491');
insert into employee_phone_no (emp_id, phone_no) values (67, '8519257956');
insert into employee_phone_no (emp_id, phone_no) values (68, '9732778750');
insert into employee_phone_no (emp_id, phone_no) values (69, '6776890070');
insert into employee_phone_no (emp_id, phone_no) values (70, '1368513510');
insert into employee_phone_no (emp_id, phone_no) values (71, '1884211842');
insert into employee_phone_no (emp_id, phone_no) values (72, '1414623475');
insert into employee_phone_no (emp_id, phone_no) values (73, '4257258209');
insert into employee_phone_no (emp_id, phone_no) values (74, '9079256924');
insert into employee_phone_no (emp_id, phone_no) values (75, '9303407513');
insert into employee_phone_no (emp_id, phone_no) values (76, '6849608179');
insert into employee_phone_no (emp_id, phone_no) values (77, '9325206841');
insert into employee_phone_no (emp_id, phone_no) values (78, '9686709230');
insert into employee_phone_no (emp_id, phone_no) values (79, '8753162965');
insert into employee_phone_no (emp_id, phone_no) values (80, '9636879355');
insert into employee_phone_no (emp_id, phone_no) values (81, '4335539805');
insert into employee_phone_no (emp_id, phone_no) values (82, '6034531680');
insert into employee_phone_no (emp_id, phone_no) values (83, '9481070521');
insert into employee_phone_no (emp_id, phone_no) values (84, '6071567334');
insert into employee_phone_no (emp_id, phone_no) values (85, '9273206326');
insert into employee_phone_no (emp_id, phone_no) values (86, '4282099542');
insert into employee_phone_no (emp_id, phone_no) values (87, '5857157214');
insert into employee_phone_no (emp_id, phone_no) values (88, '4598971315');
insert into employee_phone_no (emp_id, phone_no) values (89, '6094723591');
insert into employee_phone_no (emp_id, phone_no) values (90, '6009773802');
insert into employee_phone_no (emp_id, phone_no) values (91, '5098741972');
insert into employee_phone_no (emp_id, phone_no) values (92, '2927564250');
insert into employee_phone_no (emp_id, phone_no) values (93, '6525191717');
insert into employee_phone_no (emp_id, phone_no) values (94, '7142181290');
insert into employee_phone_no (emp_id, phone_no) values (95, '1094138047');
insert into employee_phone_no (emp_id, phone_no) values (96, '8939992294');
insert into employee_phone_no (emp_id, phone_no) values (97, '4141358370');
insert into employee_phone_no (emp_id, phone_no) values (98, '2722690523');
insert into employee_phone_no (emp_id, phone_no) values (99, '3441356085');
insert into employee_phone_no (emp_id, phone_no) values (100, '1344189439');


-- table Rides

insert into Rides (ride_id, ride_date, ride_time, pick_up_location, destination_location, ride_fare, fare_mode, rating_given_to_driver, rating_given_to_customer, customer_id, driver_id, admin_id) values (1, '2022-05-19', '17:31:40', '82199 Anthes Junction', '258 Bonner Road', 198, 'UPI', 4, 4, 120, 99, 29);
insert into Rides (ride_id, ride_date, ride_time, pick_up_location, destination_location, ride_fare, fare_mode, rating_given_to_driver, rating_given_to_customer, customer_id, driver_id, admin_id) values (2, '2022-05-17', '8:50:46', '17 Oak Lane', '930 Corscot Avenue', 416, 'Credit Card', 2, 1, 95, 55, 36);
insert into Rides (ride_id, ride_date, ride_time, pick_up_location, destination_location, ride_fare, fare_mode, rating_given_to_driver, rating_given_to_customer, customer_id, driver_id, admin_id) values (3, '2023-01-26', '21:45:27', '292 Hazelcrest Crossing', '53900 Rieder Avenue', 573, 'Credit Card', 4, 4, 15, 6, 8);
insert into Rides (ride_id, ride_date, ride_time, pick_up_location, destination_location, ride_fare, fare_mode, rating_given_to_driver, rating_given_to_customer, customer_id, driver_id, admin_id) values (4, '2022-05-23', '12:00:43', '356 Burning Wood Way', '85102 Moland Center', 120, 'Credit Card', 1, 3, 8, 68, 4);
insert into Rides (ride_id, ride_date, ride_time, pick_up_location, destination_location, ride_fare, fare_mode, rating_given_to_driver, rating_given_to_customer, customer_id, driver_id, admin_id) values (5, '2022-12-04', '13:34:28', '4 Merry Road', '87524 2nd Terrace', 148, 'UPI', 5, 5, 27, 33, 55);
insert into Rides (ride_id, ride_date, ride_time, pick_up_location, destination_location, ride_fare, fare_mode, rating_given_to_driver, rating_given_to_customer, customer_id, driver_id, admin_id) values (6, '2023-01-08', '10:43:43', '9792 Banding Plaza', '75 South Plaza', 905, 'Credit Card', 5, 4, 136, 22, 10);
insert into Rides (ride_id, ride_date, ride_time, pick_up_location, destination_location, ride_fare, fare_mode, rating_given_to_driver, rating_given_to_customer, customer_id, driver_id, admin_id) values (7, '2022-11-08', '3:07:53', '622 2nd Crossing', '6224 Merchant Parkway', 107, 'UPI', 1, 1, 110, 55, 44);
insert into Rides (ride_id, ride_date, ride_time, pick_up_location, destination_location, ride_fare, fare_mode, rating_given_to_driver, rating_given_to_customer, customer_id, driver_id, admin_id) values (8, '2022-11-01', '1:21:10', '50 Melby Park', '36732 Golf Course Junction', 260, 'UPI', 1, 4, 12, 48, 51);
insert into Rides (ride_id, ride_date, ride_time, pick_up_location, destination_location, ride_fare, fare_mode, rating_given_to_driver, rating_given_to_customer, customer_id, driver_id, admin_id) values (9, '2022-11-09', '4:46:20', '4 Stoughton Park', '189 Bartillon Junction', 350, 'UPI', 3, 2, 62, 20, 11);
insert into Rides (ride_id, ride_date, ride_time, pick_up_location, destination_location, ride_fare, fare_mode, rating_given_to_driver, rating_given_to_customer, customer_id, driver_id, admin_id) values (10, '2022-06-28', '8:51:11', '22485 Briar Crest Lane', '4026 Lakewood Trail', 158, 'Cash', 1, 4, 124, 40, 49);
insert into Rides (ride_id, ride_date, ride_time, pick_up_location, destination_location, ride_fare, fare_mode, rating_given_to_driver, rating_given_to_customer, customer_id, driver_id, admin_id) values (11, '2022-02-16', '17:11:04', '5 1st Circle', '447 Maple Terrace', 285, 'Credit Card', 4, 5, 18, 5, 22);
insert into Rides (ride_id, ride_date, ride_time, pick_up_location, destination_location, ride_fare, fare_mode, rating_given_to_driver, rating_given_to_customer, customer_id, driver_id, admin_id) values (12, '2022-12-29', '3:04:00', '6 Dayton Terrace', '5070 Larry Parkway', 831, 'Cash', 3, 5, 26, 99, 22);
insert into Rides (ride_id, ride_date, ride_time, pick_up_location, destination_location, ride_fare, fare_mode, rating_given_to_driver, rating_given_to_customer, customer_id, driver_id, admin_id) values (13, '2022-03-05', '13:04:08', '1708 Holy Cross Avenue', '3657 Redwing Court', 279, 'Cash', 2, 4, 16, 90, 28);
insert into Rides (ride_id, ride_date, ride_time, pick_up_location, destination_location, ride_fare, fare_mode, rating_given_to_driver, rating_given_to_customer, customer_id, driver_id, admin_id) values (14, '2022-04-29', '10:48:12', '74 Almo Crossing', '914 Orin Street', 942, 'UPI', 4, 5, 106, 85, 42);
insert into Rides (ride_id, ride_date, ride_time, pick_up_location, destination_location, ride_fare, fare_mode, rating_given_to_driver, rating_given_to_customer, customer_id, driver_id, admin_id) values (15, '2022-11-18', '4:25:54', '365 Jana Street', '91985 Southridge Alley', 752, 'UPI', 3, 4, 44, 15, 28);
insert into Rides (ride_id, ride_date, ride_time, pick_up_location, destination_location, ride_fare, fare_mode, rating_given_to_driver, rating_given_to_customer, customer_id, driver_id, admin_id) values (16, '2022-07-17', '14:28:48', '9 Fieldstone Place', '20 Oakridge Street', 632, 'Cash', 4, 5, 43, 32, 33);
insert into Rides (ride_id, ride_date, ride_time, pick_up_location, destination_location, ride_fare, fare_mode, rating_given_to_driver, rating_given_to_customer, customer_id, driver_id, admin_id) values (17, '2022-09-14', '12:42:21', '6063 Moose Point', '62029 2nd Drive', 551, 'Cash', 5, 3, 75, 3, 23);
insert into Rides (ride_id, ride_date, ride_time, pick_up_location, destination_location, ride_fare, fare_mode, rating_given_to_driver, rating_given_to_customer, customer_id, driver_id, admin_id) values (18, '2022-07-03', '4:55:35', '08844 Graceland Road', '133 Mendota Center', 405, 'Credit Card', 5, 1, 94, 44, 60);
insert into Rides (ride_id, ride_date, ride_time, pick_up_location, destination_location, ride_fare, fare_mode, rating_given_to_driver, rating_given_to_customer, customer_id, driver_id, admin_id) values (19, '2022-08-03', '13:45:30', '220 Iowa Way', '49921 Sullivan Lane', 634, 'UPI', 3, 3, 144, 16, 38);
insert into Rides (ride_id, ride_date, ride_time, pick_up_location, destination_location, ride_fare, fare_mode, rating_given_to_driver, rating_given_to_customer, customer_id, driver_id, admin_id) values (20, '2022-07-31', '20:45:10', '0633 Fallview Street', '5307 Schiller Drive', 429, 'UPI', 5, 2, 78, 9, 12);
insert into Rides (ride_id, ride_date, ride_time, pick_up_location, destination_location, ride_fare, fare_mode, rating_given_to_driver, rating_given_to_customer, customer_id, driver_id, admin_id) values (21, '2023-01-08', '22:12:12', '2433 Iowa Place', '547 Lyons Road', 949, 'Credit Card', 5, 5, 75, 27, 28);
insert into Rides (ride_id, ride_date, ride_time, pick_up_location, destination_location, ride_fare, fare_mode, rating_given_to_driver, rating_given_to_customer, customer_id, driver_id, admin_id) values (22, '2022-08-02', '3:19:59', '988 Russell Place', '71 Sundown Terrace', 793, 'Cash', 2, 1, 77, 57, 11);
insert into Rides (ride_id, ride_date, ride_time, pick_up_location, destination_location, ride_fare, fare_mode, rating_given_to_driver, rating_given_to_customer, customer_id, driver_id, admin_id) values (23, '2022-07-14', '19:49:31', '5103 Eliot Point', '94 Amoth Trail', 447, 'Credit Card', 3, 2, 139, 31, 39);
insert into Rides (ride_id, ride_date, ride_time, pick_up_location, destination_location, ride_fare, fare_mode, rating_given_to_driver, rating_given_to_customer, customer_id, driver_id, admin_id) values (24, '2022-05-11', '21:32:02', '998 Parkside Place', '147 Kim Junction', 639, 'Credit Card', 3, 3, 116, 6, 11);
insert into Rides (ride_id, ride_date, ride_time, pick_up_location, destination_location, ride_fare, fare_mode, rating_given_to_driver, rating_given_to_customer, customer_id, driver_id, admin_id) values (25, '2023-01-09', '4:40:41', '667 Londonderry Parkway', '24832 Orin Junction', 714, 'Cash', 2, 5, 135, 27, 23);
insert into Rides (ride_id, ride_date, ride_time, pick_up_location, destination_location, ride_fare, fare_mode, rating_given_to_driver, rating_given_to_customer, customer_id, driver_id, admin_id) values (26, '2022-06-08', '6:25:08', '708 Cherokee Drive', '9454 Lotheville Way', 931, 'Cash', 1, 3, 142, 51, 45);
insert into Rides (ride_id, ride_date, ride_time, pick_up_location, destination_location, ride_fare, fare_mode, rating_given_to_driver, rating_given_to_customer, customer_id, driver_id, admin_id) values (27, '2022-04-01', '2:54:11', '8411 Mandrake Alley', '10794 Fuller Park', 124, 'Credit Card', 3, 1, 72, 76, 26);
insert into Rides (ride_id, ride_date, ride_time, pick_up_location, destination_location, ride_fare, fare_mode, rating_given_to_driver, rating_given_to_customer, customer_id, driver_id, admin_id) values (28, '2022-06-04', '21:10:40', '2420 Glendale Parkway', '9571 Clarendon Road', 405, 'UPI', 1, 1, 129, 52, 8);
insert into Rides (ride_id, ride_date, ride_time, pick_up_location, destination_location, ride_fare, fare_mode, rating_given_to_driver, rating_given_to_customer, customer_id, driver_id, admin_id) values (29, '2022-09-25', '16:18:45', '87768 Fisk Junction', '2 Westerfield Court', 603, 'Credit Card', 3, 1, 96, 23, 45);
insert into Rides (ride_id, ride_date, ride_time, pick_up_location, destination_location, ride_fare, fare_mode, rating_given_to_driver, rating_given_to_customer, customer_id, driver_id, admin_id) values (30, '2023-01-17', '11:04:53', '50 Old Gate Place', '44 Kingsford Trail', 928, 'Credit Card', 2, 3, 62, 11, 3);
insert into Rides (ride_id, ride_date, ride_time, pick_up_location, destination_location, ride_fare, fare_mode, rating_given_to_driver, rating_given_to_customer, customer_id, driver_id, admin_id) values (31, '2022-03-18', '20:42:32', '28 Bluestem Lane', '303 Orin Park', 887, 'Cash', 4, 4, 129, 32, 2);
insert into Rides (ride_id, ride_date, ride_time, pick_up_location, destination_location, ride_fare, fare_mode, rating_given_to_driver, rating_given_to_customer, customer_id, driver_id, admin_id) values (32, '2022-08-09', '21:37:17', '56 Carpenter Street', '01 Sutherland Plaza', 687, 'Credit Card', 3, 5, 129, 81, 41);
insert into Rides (ride_id, ride_date, ride_time, pick_up_location, destination_location, ride_fare, fare_mode, rating_given_to_driver, rating_given_to_customer, customer_id, driver_id, admin_id) values (33, '2022-08-02', '22:10:56', '21 Huxley Crossing', '3 Oak Place', 960, 'Credit Card', 4, 1, 128, 24, 44);
insert into Rides (ride_id, ride_date, ride_time, pick_up_location, destination_location, ride_fare, fare_mode, rating_given_to_driver, rating_given_to_customer, customer_id, driver_id, admin_id) values (34, '2022-03-09', '4:32:22', '3882 Coleman Alley', '308 Schmedeman Court', 178, 'Credit Card', 5, 2, 42, 22, 43);
insert into Rides (ride_id, ride_date, ride_time, pick_up_location, destination_location, ride_fare, fare_mode, rating_given_to_driver, rating_given_to_customer, customer_id, driver_id, admin_id) values (35, '2022-05-22', '11:01:23', '57 Pepper Wood Terrace', '26 Beilfuss Place', 934, 'UPI', 2, 3, 13, 16, 40);
insert into Rides (ride_id, ride_date, ride_time, pick_up_location, destination_location, ride_fare, fare_mode, rating_given_to_driver, rating_given_to_customer, customer_id, driver_id, admin_id) values (36, '2022-03-30', '2:02:19', '51137 Declaration Plaza', '56107 Crowley Lane', 543, 'UPI', 2, 1, 72, 18, 14);
insert into Rides (ride_id, ride_date, ride_time, pick_up_location, destination_location, ride_fare, fare_mode, rating_given_to_driver, rating_given_to_customer, customer_id, driver_id, admin_id) values (37, '2022-05-25', '2:16:12', '9102 Boyd Way', '8417 Sage Trail', 878, 'Cash', 2, 2, 72, 98, 40);
insert into Rides (ride_id, ride_date, ride_time, pick_up_location, destination_location, ride_fare, fare_mode, rating_given_to_driver, rating_given_to_customer, customer_id, driver_id, admin_id) values (38, '2022-11-04', '7:42:24', '86 Sunnyside Pass', '74983 Superior Center', 853, 'UPI', 5, 2, 117, 32, 11);
insert into Rides (ride_id, ride_date, ride_time, pick_up_location, destination_location, ride_fare, fare_mode, rating_given_to_driver, rating_given_to_customer, customer_id, driver_id, admin_id) values (39, '2022-06-11', '11:14:09', '0652 Chive Drive', '34928 Upham Way', 187, 'Credit Card', 3, 2, 60, 44, 8);
insert into Rides (ride_id, ride_date, ride_time, pick_up_location, destination_location, ride_fare, fare_mode, rating_given_to_driver, rating_given_to_customer, customer_id, driver_id, admin_id) values (40, '2022-12-27', '15:21:32', '03235 Gateway Junction', '63905 Donald Junction', 948, 'Credit Card', 1, 3, 136, 88, 45);
insert into Rides (ride_id, ride_date, ride_time, pick_up_location, destination_location, ride_fare, fare_mode, rating_given_to_driver, rating_given_to_customer, customer_id, driver_id, admin_id) values (41, '2023-01-22', '5:48:20', '52537 Jana Point', '5 Superior Terrace', 981, 'Credit Card', 4, 1, 73, 78, 44);
insert into Rides (ride_id, ride_date, ride_time, pick_up_location, destination_location, ride_fare, fare_mode, rating_given_to_driver, rating_given_to_customer, customer_id, driver_id, admin_id) values (42, '2022-08-07', '19:42:12', '45983 Arkansas Lane', '01207 Luster Hill', 347, 'Cash', 3, 1, 110, 37, 16);
insert into Rides (ride_id, ride_date, ride_time, pick_up_location, destination_location, ride_fare, fare_mode, rating_given_to_driver, rating_given_to_customer, customer_id, driver_id, admin_id) values (43, '2022-08-06', '15:26:39', '2 Mockingbird Court', '42665 Delaware Center', 894, 'Cash', 3, 1, 54, 53, 6);
insert into Rides (ride_id, ride_date, ride_time, pick_up_location, destination_location, ride_fare, fare_mode, rating_given_to_driver, rating_given_to_customer, customer_id, driver_id, admin_id) values (44, '2022-08-10', '17:17:15', '72488 Autumn Leaf Parkway', '582 Northridge Terrace', 753, 'UPI', 5, 2, 15, 51, 55);
insert into Rides (ride_id, ride_date, ride_time, pick_up_location, destination_location, ride_fare, fare_mode, rating_given_to_driver, rating_given_to_customer, customer_id, driver_id, admin_id) values (45, '2023-01-16', '5:44:03', '37 Talisman Junction', '7 Donald Terrace', 325, 'UPI', 4, 1, 111, 57, 50);
insert into Rides (ride_id, ride_date, ride_time, pick_up_location, destination_location, ride_fare, fare_mode, rating_given_to_driver, rating_given_to_customer, customer_id, driver_id, admin_id) values (46, '2022-08-17', '22:41:28', '51 Ludington Street', '59 Old Shore Terrace', 376, 'Cash', 1, 5, 125, 30, 8);
insert into Rides (ride_id, ride_date, ride_time, pick_up_location, destination_location, ride_fare, fare_mode, rating_given_to_driver, rating_given_to_customer, customer_id, driver_id, admin_id) values (47, '2022-09-14', '9:56:59', '704 Bluestem Plaza', '000 Pearson Alley', 121, 'Cash', 1, 2, 63, 26, 51);
insert into Rides (ride_id, ride_date, ride_time, pick_up_location, destination_location, ride_fare, fare_mode, rating_given_to_driver, rating_given_to_customer, customer_id, driver_id, admin_id) values (48, '2022-12-06', '20:55:25', '892 Debra Center', '4781 Gulseth Crossing', 382, 'Credit Card', 5, 1, 33, 11, 35);
insert into Rides (ride_id, ride_date, ride_time, pick_up_location, destination_location, ride_fare, fare_mode, rating_given_to_driver, rating_given_to_customer, customer_id, driver_id, admin_id) values (49, '2022-07-30', '14:18:27', '31 Transport Lane', '98 Crownhardt Place', 851, 'Cash', 3, 5, 76, 59, 5);
insert into Rides (ride_id, ride_date, ride_time, pick_up_location, destination_location, ride_fare, fare_mode, rating_given_to_driver, rating_given_to_customer, customer_id, driver_id, admin_id) values (50, '2022-06-29', '14:36:05', '233 Columbus Park', '99746 Fuller Lane', 935, 'UPI', 3, 1, 128, 48, 1);
insert into Rides (ride_id, ride_date, ride_time, pick_up_location, destination_location, ride_fare, fare_mode, rating_given_to_driver, rating_given_to_customer, customer_id, driver_id, admin_id) values (51, '2022-06-20', '13:55:51', '5 Thierer Park', '8909 Declaration Court', 886, 'Cash', 1, 5, 34, 18, 4);
insert into Rides (ride_id, ride_date, ride_time, pick_up_location, destination_location, ride_fare, fare_mode, rating_given_to_driver, rating_given_to_customer, customer_id, driver_id, admin_id) values (52, '2022-07-04', '3:56:38', '1 Elka Crossing', '08 Lakeland Trail', 458, 'Cash', 3, 5, 28, 60, 18);
insert into Rides (ride_id, ride_date, ride_time, pick_up_location, destination_location, ride_fare, fare_mode, rating_given_to_driver, rating_given_to_customer, customer_id, driver_id, admin_id) values (53, '2023-01-04', '3:51:33', '58601 Duke Parkway', '51 Milwaukee Avenue', 256, 'Cash', 5, 5, 59, 74, 19);
insert into Rides (ride_id, ride_date, ride_time, pick_up_location, destination_location, ride_fare, fare_mode, rating_given_to_driver, rating_given_to_customer, customer_id, driver_id, admin_id) values (54, '2022-04-10', '12:22:43', '3 8th Drive', '61 Eastlawn Hill', 981, 'UPI', 4, 3, 66, 16, 3);
insert into Rides (ride_id, ride_date, ride_time, pick_up_location, destination_location, ride_fare, fare_mode, rating_given_to_driver, rating_given_to_customer, customer_id, driver_id, admin_id) values (55, '2022-05-06', '13:54:08', '1 Artisan Crossing', '85088 Forest Dale Street', 150, 'Credit Card', 2, 5, 21, 63, 57);
insert into Rides (ride_id, ride_date, ride_time, pick_up_location, destination_location, ride_fare, fare_mode, rating_given_to_driver, rating_given_to_customer, customer_id, driver_id, admin_id) values (56, '2022-06-10', '11:14:31', '059 Hauk Drive', '67263 Golden Leaf Junction', 595, 'UPI', 2, 5, 132, 64, 43);
insert into Rides (ride_id, ride_date, ride_time, pick_up_location, destination_location, ride_fare, fare_mode, rating_given_to_driver, rating_given_to_customer, customer_id, driver_id, admin_id) values (57, '2022-07-12', '2:25:44', '70914 Mosinee Hill', '42128 Golf View Crossing', 178, 'Cash', 2, 1, 66, 49, 28);
insert into Rides (ride_id, ride_date, ride_time, pick_up_location, destination_location, ride_fare, fare_mode, rating_given_to_driver, rating_given_to_customer, customer_id, driver_id, admin_id) values (58, '2022-11-04', '21:08:54', '887 Carioca Parkway', '4 Division Plaza', 386, 'UPI', 1, 2, 40, 24, 47);
insert into Rides (ride_id, ride_date, ride_time, pick_up_location, destination_location, ride_fare, fare_mode, rating_given_to_driver, rating_given_to_customer, customer_id, driver_id, admin_id) values (59, '2022-12-28', '14:53:00', '55329 Tony Point', '37787 Moulton Hill', 623, 'UPI', 4, 4, 119, 100, 13);
insert into Rides (ride_id, ride_date, ride_time, pick_up_location, destination_location, ride_fare, fare_mode, rating_given_to_driver, rating_given_to_customer, customer_id, driver_id, admin_id) values (60, '2022-06-03', '11:57:05', '004 Acker Street', '6955 Village Point', 105, 'UPI', 4, 5, 120, 1, 50);
insert into Rides (ride_id, ride_date, ride_time, pick_up_location, destination_location, ride_fare, fare_mode, rating_given_to_driver, rating_given_to_customer, customer_id, driver_id, admin_id) values (61, '2022-10-04', '8:10:36', '2134 Pine View Plaza', '8842 Bunting Park', 784, 'UPI', 1, 3, 75, 78, 43);
insert into Rides (ride_id, ride_date, ride_time, pick_up_location, destination_location, ride_fare, fare_mode, rating_given_to_driver, rating_given_to_customer, customer_id, driver_id, admin_id) values (62, '2022-09-25', '21:59:19', '9 Knutson Center', '5822 Surrey Center', 530, 'Cash', 2, 3, 59, 8, 5);
insert into Rides (ride_id, ride_date, ride_time, pick_up_location, destination_location, ride_fare, fare_mode, rating_given_to_driver, rating_given_to_customer, customer_id, driver_id, admin_id) values (63, '2022-05-30', '22:18:02', '676 Luster Court', '617 West Road', 818, 'UPI', 1, 1, 106, 67, 48);
insert into Rides (ride_id, ride_date, ride_time, pick_up_location, destination_location, ride_fare, fare_mode, rating_given_to_driver, rating_given_to_customer, customer_id, driver_id, admin_id) values (64, '2022-08-11', '3:18:54', '7556 Westerfield Plaza', '301 Memorial Parkway', 797, 'Cash', 2, 2, 128, 38, 28);
insert into Rides (ride_id, ride_date, ride_time, pick_up_location, destination_location, ride_fare, fare_mode, rating_given_to_driver, rating_given_to_customer, customer_id, driver_id, admin_id) values (65, '2022-07-06', '2:38:09', '52130 Thompson Plaza', '21003 Basil Trail', 261, 'Credit Card', 3, 1, 36, 39, 13);
insert into Rides (ride_id, ride_date, ride_time, pick_up_location, destination_location, ride_fare, fare_mode, rating_given_to_driver, rating_given_to_customer, customer_id, driver_id, admin_id) values (66, '2022-09-19', '9:12:12', '2 Onsgard Parkway', '86754 Ruskin Circle', 440, 'UPI', 3, 2, 15, 80, 42);
insert into Rides (ride_id, ride_date, ride_time, pick_up_location, destination_location, ride_fare, fare_mode, rating_given_to_driver, rating_given_to_customer, customer_id, driver_id, admin_id) values (67, '2022-09-01', '6:21:01', '1618 Kennedy Center', '510 Crowley Lane', 608, 'UPI', 1, 1, 124, 73, 33);
insert into Rides (ride_id, ride_date, ride_time, pick_up_location, destination_location, ride_fare, fare_mode, rating_given_to_driver, rating_given_to_customer, customer_id, driver_id, admin_id) values (68, '2022-02-19', '11:57:55', '0625 Arizona Junction', '53 Charing Cross Road', 561, 'Cash', 4, 2, 111, 83, 7);
insert into Rides (ride_id, ride_date, ride_time, pick_up_location, destination_location, ride_fare, fare_mode, rating_given_to_driver, rating_given_to_customer, customer_id, driver_id, admin_id) values (69, '2022-07-23', '23:36:50', '49130 Eggendart Center', '9988 Hallows Center', 871, 'Cash', 2, 3, 104, 36, 28);
insert into Rides (ride_id, ride_date, ride_time, pick_up_location, destination_location, ride_fare, fare_mode, rating_given_to_driver, rating_given_to_customer, customer_id, driver_id, admin_id) values (70, '2022-02-16', '11:03:13', '8989 Granby Avenue', '780 Oneill Terrace', 169, 'UPI', 1, 5, 88, 98, 43);
insert into Rides (ride_id, ride_date, ride_time, pick_up_location, destination_location, ride_fare, fare_mode, rating_given_to_driver, rating_given_to_customer, customer_id, driver_id, admin_id) values (71, '2022-08-15', '21:36:39', '5340 Goodland Place', '5302 Londonderry Court', 517, 'Credit Card', 4, 4, 140, 12, 29);
insert into Rides (ride_id, ride_date, ride_time, pick_up_location, destination_location, ride_fare, fare_mode, rating_given_to_driver, rating_given_to_customer, customer_id, driver_id, admin_id) values (72, '2022-10-30', '1:28:05', '1 Hoard Pass', '20651 Starling Parkway', 163, 'Cash', 1, 5, 107, 34, 41);
insert into Rides (ride_id, ride_date, ride_time, pick_up_location, destination_location, ride_fare, fare_mode, rating_given_to_driver, rating_given_to_customer, customer_id, driver_id, admin_id) values (73, '2022-07-03', '1:23:07', '037 Buell Hill', '28423 Claremont Street', 303, 'UPI', 2, 1, 119, 74, 56);
insert into Rides (ride_id, ride_date, ride_time, pick_up_location, destination_location, ride_fare, fare_mode, rating_given_to_driver, rating_given_to_customer, customer_id, driver_id, admin_id) values (74, '2022-08-12', '17:40:03', '42 Dunning Way', '6079 Burning Wood Drive', 441, 'Cash', 5, 2, 78, 13, 10);
insert into Rides (ride_id, ride_date, ride_time, pick_up_location, destination_location, ride_fare, fare_mode, rating_given_to_driver, rating_given_to_customer, customer_id, driver_id, admin_id) values (75, '2022-12-24', '17:21:17', '1753 Briar Crest Pass', '59 Eagle Crest Junction', 148, 'UPI', 2, 1, 65, 35, 10);
insert into Rides (ride_id, ride_date, ride_time, pick_up_location, destination_location, ride_fare, fare_mode, rating_given_to_driver, rating_given_to_customer, customer_id, driver_id, admin_id) values (76, '2022-06-30', '5:08:56', '725 Hudson Road', '37972 Burrows Parkway', 515, 'Cash', 1, 1, 53, 65, 18);
insert into Rides (ride_id, ride_date, ride_time, pick_up_location, destination_location, ride_fare, fare_mode, rating_given_to_driver, rating_given_to_customer, customer_id, driver_id, admin_id) values (77, '2022-06-29', '7:01:47', '70 Messerschmidt Park', '69212 Westridge Parkway', 653, 'Credit Card', 4, 4, 102, 64, 35);
insert into Rides (ride_id, ride_date, ride_time, pick_up_location, destination_location, ride_fare, fare_mode, rating_given_to_driver, rating_given_to_customer, customer_id, driver_id, admin_id) values (78, '2022-12-22', '12:42:05', '242 Hanson Crossing', '6022 Ridgeview Drive', 503, 'Credit Card', 5, 2, 97, 34, 44);
insert into Rides (ride_id, ride_date, ride_time, pick_up_location, destination_location, ride_fare, fare_mode, rating_given_to_driver, rating_given_to_customer, customer_id, driver_id, admin_id) values (79, '2022-03-29', '18:12:25', '8 Magdeline Court', '4526 Gateway Lane', 472, 'Cash', 3, 2, 114, 67, 28);
insert into Rides (ride_id, ride_date, ride_time, pick_up_location, destination_location, ride_fare, fare_mode, rating_given_to_driver, rating_given_to_customer, customer_id, driver_id, admin_id) values (80, '2022-12-31', '15:12:47', '259 Upham Way', '0 Clemons Lane', 669, 'Credit Card', 3, 3, 3, 83, 45);
insert into Rides (ride_id, ride_date, ride_time, pick_up_location, destination_location, ride_fare, fare_mode, rating_given_to_driver, rating_given_to_customer, customer_id, driver_id, admin_id) values (81, '2022-08-11', '13:35:06', '877 Forest Dale Place', '8 Comanche Point', 623, 'Credit Card', 5, 4, 133, 91, 46);
insert into Rides (ride_id, ride_date, ride_time, pick_up_location, destination_location, ride_fare, fare_mode, rating_given_to_driver, rating_given_to_customer, customer_id, driver_id, admin_id) values (82, '2022-02-22', '22:32:53', '76355 Alpine Way', '558 5th Terrace', 958, 'Credit Card', 2, 4, 142, 95, 4);
insert into Rides (ride_id, ride_date, ride_time, pick_up_location, destination_location, ride_fare, fare_mode, rating_given_to_driver, rating_given_to_customer, customer_id, driver_id, admin_id) values (83, '2022-08-28', '5:53:43', '61677 Dixon Road', '5 Cambridge Crossing', 300, 'UPI', 2, 3, 76, 13, 5);
insert into Rides (ride_id, ride_date, ride_time, pick_up_location, destination_location, ride_fare, fare_mode, rating_given_to_driver, rating_given_to_customer, customer_id, driver_id, admin_id) values (84, '2022-02-21', '16:20:14', '1 Oak Valley Place', '7968 Meadow Ridge Court', 950, 'UPI', 5, 4, 59, 73, 25);
insert into Rides (ride_id, ride_date, ride_time, pick_up_location, destination_location, ride_fare, fare_mode, rating_given_to_driver, rating_given_to_customer, customer_id, driver_id, admin_id) values (85, '2022-09-15', '9:46:34', '147 Pond Junction', '50210 Pond Point', 312, 'Cash', 3, 4, 31, 14, 36);
insert into Rides (ride_id, ride_date, ride_time, pick_up_location, destination_location, ride_fare, fare_mode, rating_given_to_driver, rating_given_to_customer, customer_id, driver_id, admin_id) values (86, '2022-06-23', '6:15:24', '363 Village Place', '26182 Nelson Avenue', 528, 'Cash', 1, 4, 64, 80, 15);
insert into Rides (ride_id, ride_date, ride_time, pick_up_location, destination_location, ride_fare, fare_mode, rating_given_to_driver, rating_given_to_customer, customer_id, driver_id, admin_id) values (87, '2022-10-18', '10:23:16', '01 Hanson Trail', '81 Esker Pass', 236, 'Cash', 4, 5, 10, 21, 58);
insert into Rides (ride_id, ride_date, ride_time, pick_up_location, destination_location, ride_fare, fare_mode, rating_given_to_driver, rating_given_to_customer, customer_id, driver_id, admin_id) values (88, '2022-03-25', '7:21:36', '482 Lawn Street', '4 Longview Way', 231, 'UPI', 5, 3, 6, 67, 32);
insert into Rides (ride_id, ride_date, ride_time, pick_up_location, destination_location, ride_fare, fare_mode, rating_given_to_driver, rating_given_to_customer, customer_id, driver_id, admin_id) values (89, '2022-07-24', '1:27:40', '84 Maywood Center', '99 Pankratz Plaza', 708, 'Credit Card', 4, 1, 105, 85, 38);
insert into Rides (ride_id, ride_date, ride_time, pick_up_location, destination_location, ride_fare, fare_mode, rating_given_to_driver, rating_given_to_customer, customer_id, driver_id, admin_id) values (90, '2022-09-05', '6:10:50', '478 Manley Parkway', '07 Badeau Crossing', 832, 'Cash', 4, 2, 61, 54, 39);
insert into Rides (ride_id, ride_date, ride_time, pick_up_location, destination_location, ride_fare, fare_mode, rating_given_to_driver, rating_given_to_customer, customer_id, driver_id, admin_id) values (91, '2022-08-15', '23:52:00', '8668 Maywood Lane', '212 Melvin Avenue', 807, 'Cash', 2, 1, 23, 63, 20);
insert into Rides (ride_id, ride_date, ride_time, pick_up_location, destination_location, ride_fare, fare_mode, rating_given_to_driver, rating_given_to_customer, customer_id, driver_id, admin_id) values (92, '2022-04-17', '16:13:37', '439 Nova Circle', '284 Oneill Way', 913, 'Credit Card', 4, 4, 10, 44, 10);
insert into Rides (ride_id, ride_date, ride_time, pick_up_location, destination_location, ride_fare, fare_mode, rating_given_to_driver, rating_given_to_customer, customer_id, driver_id, admin_id) values (93, '2023-01-31', '17:01:28', '5068 Reindahl Trail', '2 Morning Trail', 154, 'Cash', 2, 2, 80, 10, 58);
insert into Rides (ride_id, ride_date, ride_time, pick_up_location, destination_location, ride_fare, fare_mode, rating_given_to_driver, rating_given_to_customer, customer_id, driver_id, admin_id) values (94, '2022-08-01', '16:20:21', '7 Jenifer Parkway', '49523 Waywood Alley', 473, 'Cash', 5, 4, 99, 49, 12);
insert into Rides (ride_id, ride_date, ride_time, pick_up_location, destination_location, ride_fare, fare_mode, rating_given_to_driver, rating_given_to_customer, customer_id, driver_id, admin_id) values (95, '2022-07-10', '8:08:35', '85460 Heffernan Road', '89261 Red Cloud Crossing', 350, 'Cash', 3, 1, 131, 41, 2);
insert into Rides (ride_id, ride_date, ride_time, pick_up_location, destination_location, ride_fare, fare_mode, rating_given_to_driver, rating_given_to_customer, customer_id, driver_id, admin_id) values (96, '2022-04-15', '3:51:27', '42 4th Junction', '8167 Havey Court', 487, 'Cash', 2, 2, 113, 61, 30);
insert into Rides (ride_id, ride_date, ride_time, pick_up_location, destination_location, ride_fare, fare_mode, rating_given_to_driver, rating_given_to_customer, customer_id, driver_id, admin_id) values (97, '2022-11-12', '18:05:47', '355 Armistice Alley', '5 Southridge Avenue', 300, 'Credit Card', 4, 1, 134, 99, 30);
insert into Rides (ride_id, ride_date, ride_time, pick_up_location, destination_location, ride_fare, fare_mode, rating_given_to_driver, rating_given_to_customer, customer_id, driver_id, admin_id) values (98, '2022-07-13', '15:35:05', '2214 Stephen Drive', '112 Fisk Circle', 163, 'UPI', 2, 5, 12, 33, 43);
insert into Rides (ride_id, ride_date, ride_time, pick_up_location, destination_location, ride_fare, fare_mode, rating_given_to_driver, rating_given_to_customer, customer_id, driver_id, admin_id) values (99, '2023-02-06', '13:42:23', '7743 Summer Ridge Street', '02 Lukken Point', 710, 'Credit Card', 1, 2, 129, 47, 20);
insert into Rides (ride_id, ride_date, ride_time, pick_up_location, destination_location, ride_fare, fare_mode, rating_given_to_driver, rating_given_to_customer, customer_id, driver_id, admin_id) values (100, '2022-06-15', '0:39:48', '4 Schurz Center', '051 Emmet Hill', 973, 'UPI', 2, 1, 140, 6, 32);
